Workbook
Name Estimation_Engineer: [1]Misc!$F$4:$F$6
Name LIFECO227ea_Actuation: '[2]Lifeco-227ea Cylinder Range'!$C$3:$O$13
Name LIFECO227ea_CylindersList: '[2]Lifeco-227ea Cylinder Range'!$C$3:$C$13
Name LIFECO227ea_CylindersPrice: '[2]Lifeco-227ea Cylinder Range'!$C$3:$G$13
Name LIFECO5112_Actuation: '[2]Lifeco-5112 Cylinder Range'!$C$3:$O$16
Name LIFECO5112_CylindersList: '[2]Lifeco-5112 Cylinder Range'!$C$3:$C$16
Name LIFECO5112_CylindersPrice: '[2]Lifeco-5112 Cylinder Range'!$C$3:$G$16
Name ProductList: [3]PRICELIST!$C$3:$C$1119
Name Sales_Person: [1]Misc!$B$4:$B$10
Name Sales_Person_Details: [1]Misc!$A$4:$D$21

Sheet UL Electric VTP 50Hz 30VT
A1: UL Electric VTP 50Hz 30VT
A2: Item of | B2: SFFECO Item Code | C2: Electric Panel Item Code | D2: Description | F2: LIFECO-UK GP (USD) | H2: LIFECO-UK GP (AED)
A3: LIFECO-UK | B3: 126064200880 | C3: 088001200067 | D3: LIFECO-UK-UL Listed Vertical Turbine Pump (LFP 200-30 VT-2900RPM) 200 GPM @ 6 Bar, Coupled with 50Hz VHS Motor. Pressure Gauge, Air Release Valve and Casing Relief Valve are included. | F3: 19675.234 | H3: 72306.484
A4: LIFECO-UK | B4: 126064200881 | C4: 088001200067 | D4: LIFECO-UK-UL Listed Vertical Turbine Pump (LFP 200-30 VT-2900RPM) 200 GPM @ 7 Bar, Coupled with 50Hz VHS Motor. Pressure Gauge, Air Release Valve and Casing Relief Valve are included. | F4: 19675.234 | H4: 72306.484
A5: LIFECO-UK | B5: 126064200882 | C5: 088001200080 | D5: LIFECO-UK-UL Listed Vertical Turbine Pump (LFP 200-30 VT-2900RPM) 200 GPM @ 8 Bar, Coupled with 50Hz VHS Motor. Pressure Gauge, Air Release Valve and Casing Relief Valve are included. | F5: 21638.941 | H5: 79523.109
A6: LIFECO-UK | B6: 126064200883 | C6: 088001200079 | D6: LIFECO-UK-UL Listed Vertical Turbine Pump (LFP 200-30 VT-2900RPM) 200 GPM @ 9 to 11 Bar, Coupled with 50Hz VHS Motor. Pressure Gauge, Air Release Valve and Casing Relief Valve are included. | F6: 23254.63 | H6: 85460.767
A7: LIFECO-UK | B7: 126064200884 | C7: 088001200068 | D7: LIFECO-UK-UL Listed Vertical Turbine Pump (LFP 200-30 VT-2900RPM) 200 GPM @ 12 to 14 Bar, Coupled with 50Hz VHS Motor. Pressure Gauge, Air Release Valve and Casing Relief Valve are included. | F7: 24729.891 | H7: 90882.351
A8: LIFECO-UK | B8: 126064200400 | C8: 088001200070 | D8: LIFECO-UK-UL Listed Vertical Turbine Pump (LFP 200-30 VT-2900RPM) 200 GPM @ 15 Bar, Coupled with 50Hz ODP Electric Motor and Gear Drive. Pressure Gauge, Air Release Valve and Casing Relief Valve are included. | F8: 29770.048 | H8: 109404.93
A9: LIFECO-UK | B9: 126064200401 | C9: 088001200070 | D9: LIFECO-UK-UL Listed Vertical Turbine Pump (LFP 200-30 VT-2900RPM) 200 GPM @ 16 Bar, Coupled with 50Hz ODP Electric Motor and Gear Drive. Pressure Gauge, Air Release Valve and Casing Relief Valve are included. | F9: 30761.442 | H9: 113048.3
A10: LIFECO-UK | B10: 126064200402 | C10: 088001200070 | D10: LIFECO-UK-UL Listed Vertical Turbine Pump (LFP 200-30 VT-2900RPM) 200 GPM @ 17 Bar, Coupled with 50Hz ODP Electric Motor and Gear Drive. Pressure Gauge, Air Release Valve and Casing Relief Valve are included. | F10: 30761.442 | H10: 113048.3
A11: LIFECO-UK | B11: 126064200403 | C11: 088001200070 | D11: LIFECO-UK-UL Listed Vertical Turbine Pump (LFP 200-30 VT-2900RPM) 200 GPM @ 18 Bar, Coupled with 50Hz ODP Electric Motor and Gear Drive. Pressure Gauge, Air Release Valve and Casing Relief Valve are included. | F11: 30761.442 | H11: 113048.3
A12: LIFECO-UK | B12: 126064200404 | C12: 088001200038 | D12: LIFECO-UK-UL Listed Vertical Turbine Pump (LFP 200-30 VT-2980RPM) 200 GPM @ 19 Bar, Coupled with 50Hz ODP Electric Motor and Gear Drive. Pressure Gauge, Air Release Valve and Casing Relief Valve are included. | F12: 33723.412 | H12: 123933.54
A13: LIFECO-UK | B13: 126064200405 | C13: 088001200038 | D13: LIFECO-UK-UL Listed Vertical Turbine Pump (LFP 200-30 VT-2900RPM) 200 GPM @ 20 Bar, Coupled with 50Hz ODP Electric Motor and Gear Drive. Pressure Gauge, Air Release Valve and Casing Relief Valve are included. | F13: 35311.626 | H13: 129770.23
A14: LIFECO-UK | B14: 126064200885 | C14: 088001200067 | D14: LIFECO-UK-UL Listed Vertical Turbine Pump (LFP 250-30 VT-2900RPM) 250 GPM @ 6 Bar, Coupled with 50Hz VHS Motor. Pressure Gauge, Air Release Valve and Casing Relief Valve are included. | F14: 19675.234 | H14: 72306.484
A15: LIFECO-UK | B15: 126064200886 | C15: 088001200080 | D15: LIFECO-UK-UL Listed Vertical Turbine Pump (LFP 250-30 VT-2900RPM) 250 GPM @ 7 Bar, Coupled with 50Hz VHS Motor. Pressure Gauge, Air Release Valve and Casing Relief Valve are included. | F15: 20346.848 | H15: 74774.665
A16: LIFECO-UK | B16: 126064200887 | C16: 088001200080 | D16: LIFECO-UK-UL Listed Vertical Turbine Pump (LFP 250-30 VT-2900RPM) 250 GPM @ 8 Bar, Coupled with 50Hz VHS Motor. Pressure Gauge, Air Release Valve and Casing Relief Valve are included. | F16: 21638.941 | H16: 79523.109
A17: LIFECO-UK | B17: 126064200888 | C17: 088001200079 | D17: LIFECO-UK-UL Listed Vertical Turbine Pump (LFP 250-30 VT-2900RPM) 250 GPM @ 9 to 10 Bar, Coupled with 50Hz VHS Motor. Pressure Gauge, Air Release Valve and Casing Relief Valve are included. | F17: 23254.63 | H17: 85460.767
A18: LIFECO-UK | B18: 126064200889 | C18: 088001200068 | D18: LIFECO-UK-UL Listed Vertical Turbine Pump (LFP 250-30 VT-2900RPM) 250 GPM @ 11 to 14 Bar, Coupled with 50Hz VHS Motor. Pressure Gauge, Air Release Valve and Casing Relief Valve are included. | F18: 24729.891 | H18: 90882.351
A19: LIFECO-UK | B19: 126064200412 | C19: 088001200070 | D19: LIFECO-UK-UL Listed Vertical Turbine Pump (LFP 250-30 VT-2980RPM) 250 GPM @ 15 Bar, Coupled with 50Hz ODP Electric Motor and Gear Drive. Pressure Gauge, Air Release Valve and Casing Relief Valve are included. | F19: 29770.048 | H19: 109404.93
A20: LIFECO-UK | B20: 126064200413 | C20: 088001200070 | D20: LIFECO-UK-UL Listed Vertical Turbine Pump (LFP 250-30 VT-2900RPM) 250 GPM @ 16 Bar, Coupled with 50Hz ODP Electric Motor and Gear Drive. Pressure Gauge, Air Release Valve and Casing Relief Valve are included. | F20: 30761.442 | H20: 113048.3
A21: LIFECO-UK | B21: 126064200414 | C21: 088001200070 | D21: LIFECO-UK-UL Listed Vertical Turbine Pump (LFP 250-30 VT-2900RPM) 250 GPM @ 17 Bar, Coupled with 50Hz ODP Electric Motor and Gear Drive. Pressure Gauge, Air Release Valve and Casing Relief Valve are included. | F21: 30761.442 | H21: 113048.3
A22: LIFECO-UK | B22: 126064200415 | C22: 088001200038 | D22: LIFECO-UK-UL Listed Vertical Turbine Pump (LFP 250-30 VT-2900RPM) 250 GPM @ 18 Bar, Coupled with 50Hz ODP Electric Motor and Gear Drive. Pressure Gauge, Air Release Valve and Casing Relief Valve are included. | F22: 33723.412 | H22: 123933.54
A23: LIFECO-UK | B23: 126064200416 | C23: 088001200038 | D23: LIFECO-UK-UL Listed Vertical Turbine Pump (LFP 250-30 VT-2900RPM) 250 GPM @ 19 to 20 Bar, Coupled with 50Hz ODP Electric Motor and Gear Drive. Pressure Gauge, Air Release Valve and Casing Relief Valve are included. | F23: 35311.626 | H23: 129770.23
A24: LIFECO-UK | B24: 126064200890 | C24: 088001200067 | D24: LIFECO-UK-UL Listed Vertical Turbine Pump (LFP 300-30 VT-2900RPM) 300 GPM @ 6 Bar, Coupled with 50Hz VHS Motor. Pressure Gauge, Air Release Valve and Casing Relief Valve are included. | F24: 19675.234 | H24: 72306.484
A25: LIFECO-UK | B25: 126064200891 | C25: 088001200080 | D25: LIFECO-UK-UL Listed Vertical Turbine Pump (LFP 300-30 VT-2900RPM) 300 GPM @ 7 Bar, Coupled with 50Hz VHS Motor. Pressure Gauge, Air Release Valve and Casing Relief Valve are included. | F25: 20346.848 | H25: 74774.665
A26: LIFECO-UK | B26: 126064200892 | C26: 088001200080 | D26: LIFECO-UK-UL Listed Vertical Turbine Pump (LFP 300-30 VT-2900RPM) 300 GPM @ 8 Bar, Coupled with 50Hz VHS Motor. Pressure Gauge, Air Release Valve and Casing Relief Valve are included. | F26: 21638.941 | H26: 79523.109
A27: LIFECO-UK | B27: 126064200893 | C27: 088001200079 | D27: LIFECO-UK-UL Listed Vertical Turbine Pump (LFP 300-30 VT-2900RPM) 300 GPM @ 9 to 10 Bar, Coupled with 50Hz VHS Motor. Pressure Gauge, Air Release Valve and Casing Relief Valve are included. | F27: 23254.63 | H27: 85460.767
A28: LIFECO-UK | B28: 126064200894 | C28: 088001200068 | D28: LIFECO-UK-UL Listed Vertical Turbine Pump (LFP 300-30 VT-2900RPM) 300 GPM @ 11 to 13 Bar, Coupled with 50Hz VHS Motor. Pressure Gauge, Air Release Valve and Casing Relief Valve are included. | F28: 24729.891 | H28: 90882.351
A29: LIFECO-UK | B29: 126064200422 | C29: 088001200070 | D29: LIFECO-UK-UL Listed Vertical Turbine Pump (LFP 300-30 VT-2900RPM) 300 GPM @ 14 Bar, Coupled with 50Hz ODP Electric Motor and Gear Drive. Pressure Gauge, Air Release Valve and Casing Relief Valve are included. | F29: 29770.048 | H29: 109404.93
A30: LIFECO-UK | B30: 126064200423 | C30: 088001200070 | D30: LIFECO-UK-UL Listed Vertical Turbine Pump (LFP 300-30 VT-2900RPM) 300 GPM @ 15 Bar, Coupled with 50Hz ODP Electric Motor and Gear Drive. Pressure Gauge, Air Release Valve and Casing Relief Valve are included. | F30: 30761.442 | H30: 113048.3
A31: LIFECO-UK | B31: 126064200424 | C31: 088001200070 | D31: LIFECO-UK-UL Listed Vertical Turbine Pump (LFP 300-30 VT-2900RPM) 300 GPM @ 16 to 17 Bar, Coupled with 50Hz ODP Electric Motor and Gear Drive. Pressure Gauge, Air Release Valve and Casing Relief Valve are included. | F31: 30761.442 | H31: 113048.3
A32: LIFECO-UK | B32: 126064200425 | C32: 088001200038 | D32: LIFECO-UK-UL Listed Vertical Turbine Pump (LFP 300-30 VT-2900RPM) 300 GPM @ 18 Bar, Coupled with 50Hz ODP Electric Motor and Gear Drive. Pressure Gauge, Air Release Valve and Casing Relief Valve are included. | F32: 33723.412 | H32: 123933.54
A33: LIFECO-UK | B33: 126064200426 | C33: 088001200038 | D33: LIFECO-UK-UL Listed Vertical Turbine Pump (LFP 300-30 VT-2900RPM) 300 GPM @ 19 Bar, Coupled with 50Hz ODP Electric Motor and Gear Drive. Pressure Gauge, Air Release Valve and Casing Relief Valve are included. | F33: 35311.626 | H33: 129770.23
A34: LIFECO-UK | B34: 126064200427 | C34: 088001200038 | D34: LIFECO-UK-UL Listed Vertical Turbine Pump (LFP 300-30 VT-2900RPM) 300 GPM @ 20 Bar, Coupled with 50Hz ODP Electric Motor and Gear Drive. Pressure Gauge, Air Release Valve and Casing Relief Valve are included. | F34: 35311.626 | H34: 129770.23
A35: LIFECO-UK | B35: 126064200895 | C35: 088001200067 | D35: LIFECO-UK-UL Listed Vertical Turbine Pump (LFP 400-30 VT-2900RPM) 400 GPM @ 6 Bar, Coupled with 50Hz VHS Motor. Pressure Gauge, Air Release Valve and Casing Relief Valve are included. | F35: 19675.234 | H35: 72306.484
A36: LIFECO-UK | B36: 126064200896 | C36: 088001200080 | D36: LIFECO-UK-UL Listed Vertical Turbine Pump (LFP 400-30 VT-2900RPM) 400 GPM @ 7 to 8 Bar, Coupled with 50Hz VHS Motor. Pressure Gauge, Air Release Valve and Casing Relief Valve are included. | F36: 21638.941 | H36: 79523.109
A37: LIFECO-UK | B37: 126064200897 | C37: 088001200079 | D37: LIFECO-UK-UL Listed Vertical Turbine Pump (LFP 400-30 VT-2900RPM) 400 GPM @ 9 Bar, Coupled with 50Hz VHS Motor. Pressure Gauge, Air Release Valve and Casing Relief Valve are included. | F37: 23254.63 | H37: 85460.767
A38: LIFECO-UK | B38: 126064200898 | C38: 088001200068 | D38: LIFECO-UK-UL Listed Vertical Turbine Pump (LFP 400-30 VT-2900RPM) 400 GPM @ 10 Bar, Coupled with 50Hz VHS Motor. Pressure Gauge, Air Release Valve and Casing Relief Valve are included. | F38: 23557.62 | H38: 86574.253
A39: LIFECO-UK | B39: 126064200899 | C39: 088001200068 | D39: LIFECO-UK-UL Listed Vertical Turbine Pump (LFP 400-30 VT-2900RPM) 400 GPM @ 11 to 13 Bar, Coupled with 50Hz VHS Motor. Pressure Gauge, Air Release Valve and Casing Relief Valve are included. | F39: 24729.891 | H39: 90882.351
A40: LIFECO-UK | B40: 126064200433 | C40: 088001200070 | D40: LIFECO-UK-UL Listed Vertical Turbine Pump (LFP 400-30 VT-2980RPM) 400 GPM @ 14 Bar, Coupled with 50Hz ODP Electric Motor and Gear Drive. Pressure Gauge, Air Release Valve and Casing Relief Valve are included. | F40: 29770.048 | H40: 109404.93
A41: LIFECO-UK | B41: 126064200434 | C41: 088001200070 | D41: LIFECO-UK-UL Listed Vertical Turbine Pump (LFP 400-30 VT-2900RPM) 400 GPM @ 15 Bar, Coupled with 50Hz ODP Electric Motor and Gear Drive. Pressure Gauge, Air Release Valve and Casing Relief Valve are included. | F41: 30761.442 | H41: 113048.3
A42: LIFECO-UK | B42: 126064200435 | C42: 088001200070 | D42: LIFECO-UK-UL Listed Vertical Turbine Pump (LFP 400-30 VT-2900RPM) 400 GPM @ 16 Bar, Coupled with 50Hz ODP Electric Motor and Gear Drive. Pressure Gauge, Air Release Valve and Casing Relief Valve are included. | F42: 30761.442 | H42: 113048.3
A43: LIFECO-UK | B43: 126064200436 | C43: 088001200038 | D43: LIFECO-UK-UL Listed Vertical Turbine Pump (LFP 400-30 VT-2900RPM) 400 GPM @ 17 Bar, Coupled with 50Hz ODP Electric Motor and Gear Drive. Pressure Gauge, Air Release Valve and Casing Relief Valve are included. | F43: 33723.412 | H43: 123933.54
A44: LIFECO-UK | B44: 126064200437 | C44: 088001200038 | D44: LIFECO-UK-UL Listed Vertical Turbine Pump (LFP 400-30 VT-2980RPM) 400 GPM @ 18 Bar, Coupled with 50Hz ODP Electric Motor and Gear Drive. Pressure Gauge, Air Release Valve and Casing Relief Valve are included. | F44: 33723.412 | H44: 123933.54
A45: LIFECO-UK | B45: 126064200438 | C45: 088001200038 | D45: LIFECO-UK-UL Listed Vertical Turbine Pump (LFP 400-30 VT-2900RPM) 400 GPM @ 19 Bar, Coupled with 50Hz ODP Electric Motor and Gear Drive. Pressure Gauge, Air Release Valve and Casing Relief Valve are included. | F45: 35311.626 | H45: 129770.23
A46: LIFECO-UK | B46: 126064200439 | C46: 088001200038 | D46: LIFECO-UK-UL Listed Vertical Turbine Pump (LFP 400-30 VT-2980RPM) 400 GPM @ 20 Bar, Coupled with 50Hz ODP Electric Motor and Gear Drive. Pressure Gauge, Air Release Valve and Casing Relief Valve are included. | F46: 35311.626 | H46: 129770.23
A47: LIFECO-UK | B47: 126064200900 | C47: 088001200067 | D47: LIFECO-UK-UL Listed Vertical Turbine Pump (LFP 450-30 VT-2900RPM) 450 GPM @ 6 Bar, Coupled with 50Hz VHS Motor. Pressure Gauge, Air Release Valve and Casing Relief Valve are included. | F47: 19675.234 | H47: 72306.484
A48: LIFECO-UK | B48: 126064200901 | C48: 088001200080 | D48: LIFECO-UK-UL Listed Vertical Turbine Pump (LFP 450-30 VT-2900RPM) 450 GPM @ 7 to 8 Bar, Coupled with 50Hz VHS Motor. Pressure Gauge, Air Release Valve and Casing Relief Valve are included. | F48: 21638.941 | H48: 79523.109
A49: LIFECO-UK | B49: 126064200902 | C49: 088001200079 | D49: LIFECO-UK-UL Listed Vertical Turbine Pump (LFP 450-30 VT-2900RPM) 450 GPM @ 9 Bar, Coupled with 50Hz VHS Motor. Pressure Gauge, Air Release Valve and Casing Relief Valve are included. | F49: 23254.63 | H49: 85460.767
A50: LIFECO-UK | B50: 126064200903 | C50: 088001200068 | D50: LIFECO-UK-UL Listed Vertical Turbine Pump (LFP 450-30 VT-2900RPM) 450 GPM @ 10 Bar, Coupled with 50Hz VHS Motor. Pressure Gauge, Air Release Valve and Casing Relief Valve are included. | F50: 23557.62 | H50: 86574.253
A51: LIFECO-UK | B51: 126064200904 | C51: 088001200068 | D51: LIFECO-UK-UL Listed Vertical Turbine Pump (LFP 450-30 VT-2900RPM) 450 GPM @ 11 to 13 Bar, Coupled with 50Hz VHS Motor. Pressure Gauge, Air Release Valve and Casing Relief Valve are included. | F51: 24729.891 | H51: 90882.351
A52: LIFECO-UK | B52: 126064200446 | C52: 088001200070 | D52: LIFECO-UK-UL Listed Vertical Turbine Pump (LFP 450-30 VT-2980RPM) 450 GPM @ 14 Bar, Coupled with 50Hz ODP Electric Motor and Gear Drive. Pressure Gauge, Air Release Valve and Casing Relief Valve are included. | F52: 29770.048 | H52: 109404.93
A53: LIFECO-UK | B53: 126064200447 | C53: 088001200070 | D53: LIFECO-UK-UL Listed Vertical Turbine Pump (LFP 450-30 VT-2900RPM) 450 GPM @ 15 to 16 Bar, Coupled with 50Hz ODP Electric Motor and Gear Drive. Pressure Gauge, Air Release Valve and Casing Relief Valve are included. | F53: 30761.442 | H53: 113048.3
A54: LIFECO-UK | B54: 126064200448 | C54: 088001200038 | D54: LIFECO-UK-UL Listed Vertical Turbine Pump (LFP 450-30 VT-2980RPM) 450 GPM @ 17 Bar, Coupled with 50Hz ODP Electric Motor and Gear Drive. Pressure Gauge, Air Release Valve and Casing Relief Valve are included. | F54: 33723.412 | H54: 123933.54
A55: LIFECO-UK | B55: 126064200449 | C55: 088001200038 | D55: LIFECO-UK-UL Listed Vertical Turbine Pump (LFP 450-30 VT-2900RPM) 450 GPM @ 18 to 19 Bar, Coupled with 50Hz ODP Electric Motor and Gear Drive. Pressure Gauge, Air Release Valve and Casing Relief Valve are included. | F55: 35311.626 | H55: 129770.23
A56: LIFECO-UK | B56: 126064200450 | C56: 088001200039 | D56: LIFECO-UK-UL Listed Vertical Turbine Pump (LFP 450-30 VT-2980RPM) 450 GPM @ 20 Bar, Coupled with 50Hz ODP Electric Motor and Gear Drive. Pressure Gauge, Air Release Valve and Casing Relief Valve are included. | F56: 40576.163 | H56: 149117.4
A57: LIFECO-UK | B57: 126064200905 | C57: 088001200067 | D57: LIFECO-UK-UL Listed Vertical Turbine Pump (LFP 500-30 VT-2900RPM) 500 GPM @ 6 Bar, Coupled with 50Hz VHS Motor. Pressure Gauge, Air Release Valve and Casing Relief Valve are included. | F57: 19675.234 | H57: 72306.484
A58: LIFECO-UK | B58: 126064200906 | C58: 088001200080 | D58: LIFECO-UK-UL Listed Vertical Turbine Pump (LFP 500-30 VT-2900RPM) 500 GPM @ 7 Bar, Coupled with 50Hz VHS Motor. Pressure Gauge, Air Release Valve and Casing Relief Valve are included. | F58: 21638.941 | H58: 79523.109
A59: LIFECO-UK | B59: 126064200907 | C59: 088001200079 | D59: LIFECO-UK-UL Listed Vertical Turbine Pump (LFP 500-30 VT-2900RPM) 500 GPM @ 8 to 9 Bar, Coupled with 50Hz VHS Motor. Pressure Gauge, Air Release Valve and Casing Relief Valve are included. | F59: 23254.63 | H59: 85460.767
A60: LIFECO-UK | B60: 126064200908 | C60: 088001200068 | D60: LIFECO-UK-UL Listed Vertical Turbine Pump (LFP 500-30 VT-2980RPM) 500 GPM @ 10 Bar, Coupled with 50Hz VHS Motor. Pressure Gauge, Air Release Valve and Casing Relief Valve are included. | F60: 23557.62 | H60: 86574.253
A61: LIFECO-UK | B61: 126064200909 | C61: 088001200068 | D61: LIFECO-UK-UL Listed Vertical Turbine Pump (LFP 500-30 VT-2900RPM) 500 GPM @ 11 to 12 Bar, Coupled with 50Hz VHS Motor. Pressure Gauge, Air Release Valve and Casing Relief Valve are included. | F61: 24729.891 | H61: 90882.351
A62: LIFECO-UK | B62: 126064200456 | C62: 088001200070 | D62: LIFECO-UK-UL Listed Vertical Turbine Pump (LFP 500-30 VT-2900RPM) 500 GPM @ 13 Bar, Coupled with 50Hz ODP Electric Motor and Gear Drive. Pressure Gauge, Air Release Valve and Casing Relief Valve are included. | F62: 29770.048 | H62: 109404.93
A63: LIFECO-UK | B63: 126064200457 | C63: 088001200070 | D63: LIFECO-UK-UL Listed Vertical Turbine Pump (LFP 500-30 VT-2900RPM) 500 GPM @ 14 Bar, Coupled with 50Hz ODP Electric Motor and Gear Drive. Pressure Gauge, Air Release Valve and Casing Relief Valve are included. | F63: 30761.442 | H63: 113048.3
A64: LIFECO-UK | B64: 126064200458 | C64: 088001200070 | D64: LIFECO-UK-UL Listed Vertical Turbine Pump (LFP 500-30 VT-2900RPM) 500 GPM @ 15 Bar, Coupled with 50Hz ODP Electric Motor and Gear Drive. Pressure Gauge, Air Release Valve and Casing Relief Valve are included. | F64: 30761.442 | H64: 113048.3
A65: LIFECO-UK | B65: 126064200459 | C65: 088001200038 | D65: LIFECO-UK-UL Listed Vertical Turbine Pump (LFP 500-30 VT-2900RPM) 500 GPM @ 16 Bar, Coupled with 50Hz ODP Electric Motor and Gear Drive. Pressure Gauge, Air Release Valve and Casing Relief Valve are included. | F65: 33723.412 | H65: 123933.54
A66: LIFECO-UK | B66: 126064200460 | C66: 088001200038 | D66: LIFECO-UK-UL Listed Vertical Turbine Pump (LFP 500-30 VT-2980RPM) 500 GPM @ 17 Bar, Coupled with 50Hz ODP Electric Motor and Gear Drive. Pressure Gauge, Air Release Valve and Casing Relief Valve are included. | F66: 33723.412 | H66: 123933.54
A67: LIFECO-UK | B67: 126064200461 | C67: 088001200038 | D67: LIFECO-UK-UL Listed Vertical Turbine Pump (LFP 500-30 VT-2900RPM) 500 GPM @ 18 Bar, Coupled with 50Hz ODP Electric Motor and Gear Drive. Pressure Gauge, Air Release Valve and Casing Relief Valve are included. | F67: 35311.626 | H67: 129770.23
A68: LIFECO-UK | B68: 126064200462 | C68: 088001200039 | D68: LIFECO-UK-UL Listed Vertical Turbine Pump (LFP 500-30 VT-2980RPM) 500 GPM @ 19 to 20 Bar, Coupled with 50Hz ODP Electric Motor and Gear Drive. Pressure Gauge, Air Release Valve and Casing Relief Valve are included. | F68: 40576.163 | H68: 149117.4
A69: LIFECO-UK | B69: 126064200910 | C69: 088001200080 | D69: LIFECO-UK-UL Listed Vertical Turbine Pump (LFP 750-30 VT-3000RPM) 750 GPM @ 6 Bar, Coupled with 50Hz VHS Motor. Pressure Gauge, Air Release Valve and Casing Relief Valve are included. | F69: 20346.848 | H69: 74774.665
A70: LIFECO-UK | B70: 126064200911 | C70: 088001200079 | D70: LIFECO-UK-UL Listed Vertical Turbine Pump (LFP 750-30 VT-2900RPM) 750 GPM @ 7.44 Bar, Coupled with 50Hz VHS Motor. Pressure Gauge, Air Release Valve and Casing Relief Valve are included. | F70: 23254.63 | H70: 85460.767
A71: LIFECO-UK | B71: 126064200912 | C71: 088001200079 | D71: LIFECO-UK-UL Listed Vertical Turbine Pump (LFP 750-30 VT-2900RPM) 750 GPM @ 8 Bar, Coupled with 50Hz VHS Motor. Pressure Gauge, Air Release Valve and Casing Relief Valve are included. | F71: 23254.63 | H71: 85460.767
A72: LIFECO-UK | B72: 126064200913 | C72: 088001200068 | D72: LIFECO-UK-UL Listed Vertical Turbine Pump (LFP 750-30 VT-3000RPM) 750 GPM @ 8.96 Bar, Coupled with 50Hz VHS Motor. Pressure Gauge, Air Release Valve and Casing Relief Valve are included. | F72: 23557.62 | H72: 86574.253
A73: LIFECO-UK | B73: 126064200467 | C73: 088001200070 | D73: LIFECO-UK-UL Listed Vertical Turbine Pump (LFP 750-30 VT-2900RPM) 750 GPM @ 10 Bar, Coupled with 50Hz ODP Electric Motor and Gear Drive. Pressure Gauge, Air Release Valve and Casing Relief Valve are included. | F73: 29770.048 | H73: 109404.93
A74: LIFECO-UK | B74: 126064200468 | C74: 088001200070 | D74: LIFECO-UK-UL Listed Vertical Turbine Pump (LFP 750-30 VT-2950RPM) 750 GPM @ 11 Bar, Coupled with 50Hz ODP Electric Motor and Gear Drive. Pressure Gauge, Air Release Valve and Casing Relief Valve are included. | F74: 29770.048 | H74: 109404.93
A75: LIFECO-UK | B75: 126064200914 | C75: 088001200070 | D75: LIFECO-UK-UL Listed Vertical Turbine Pump (LFP 750-30 VT-3000RPM) 750 GPM @ 11.93 Bar, Coupled with 50Hz ODP Electric Motor and Gear Drive. Pressure Gauge, Air Release Valve and Casing Relief Valve are included. | F75: 29770.048 | H75: 109404.93
A76: LIFECO-UK | B76: 126064200469 | C76: 088001200070 | D76: LIFECO-UK-UL Listed Vertical Turbine Pump (LFP 750-30 VT-2900RPM) 750 GPM @ 12.41 Bar, Coupled with 50Hz ODP Electric Motor and Gear Drive. Pressure Gauge, Air Release Valve and Casing Relief Valve are included. | F76: 30761.442 | H76: 113048.3
A77: LIFECO-UK | B77: 126064200470 | C77: 088001200070 | D77: LIFECO-UK-UL Listed Vertical Turbine Pump (LFP 750-30 VT-2900RPM) 750 GPM @ 13 Bar, Coupled with 50Hz ODP Electric Motor and Gear Drive. Pressure Gauge, Air Release Valve and Casing Relief Valve are included. | F77: 30761.442 | H77: 113048.3
A78: LIFECO-UK | B78: 126064200471 | C78: 088001200070 | D78: LIFECO-UK-UL Listed Vertical Turbine Pump (LFP 750-30 VT-2950RPM) 750 GPM @ 14 Bar, Coupled with 50Hz ODP Electric Motor and Gear Drive. Pressure Gauge, Air Release Valve and Casing Relief Valve are included. | F78: 30761.442 | H78: 113048.3
A79: LIFECO-UK | B79: 126064200472 | C79: 088001200070 | D79: LIFECO-UK-UL Listed Vertical Turbine Pump (LFP 750-30 VT-2900RPM) 750 GPM @ 15 Bar, Coupled with 50Hz ODP Electric Motor and Gear Drive. Pressure Gauge, Air Release Valve and Casing Relief Valve are included. | F79: 32721.333 | H79: 120250.9
A80: LIFECO-UK | B80: 126064200473 | C80: 088001200070 | D80: LIFECO-UK-UL Listed Vertical Turbine Pump (LFP 750-30 VT-2900RPM) 750 GPM @ 16 Bar, Coupled with 50Hz ODP Electric Motor and Gear Drive. Pressure Gauge, Air Release Valve and Casing Relief Valve are included. | F80: 32721.333 | H80: 120250.9
A81: LIFECO-UK | B81: 126064200474 | C81: 088001200039 | D81: LIFECO-UK-UL Listed Vertical Turbine Pump (LFP 750-30 VT-2950RPM) 750 GPM @ 17 Bar, Coupled with 50Hz ODP Electric Motor and Gear Drive. Pressure Gauge, Air Release Valve and Casing Relief Valve are included. | F81: 40576.163 | H81: 149117.4

Sheet UL Diesel VTP 30VT
A1: UL Diesel VTP 30VT
A2: Item of | B2: Item Code | C2: Control Panel Item Code | D2: Standard Diesel Tank Item Code | E2: Description | G2: LIFECO-UK GP (USD) | I2: LIFECO-UK GP (AED)
A3: LIFECO-UK | B3: 126064200475 | C3: 088001200060 | D3: 074003200263 | E3: LIFECO-UK-UL Listed Vertical Turbine Pump (LFP 200-30 VT-2900RPM) 200 GPM @ 6 Bar, Coupled with Diesel Engine and Gear Drive. Pressure Gauge & Air Release Valve are included. | G3: =I3/3.675 -> 30207.36 | I3: 111012.05
A4: LIFECO-UK | B4: 126064200476 | C4: 088001200060 | D4: 074003200263 | E4: LIFECO-UK-UL Listed Vertical Turbine Pump (LFP 200-30 VT-2900RPM) 200 GPM @ 7 Bar, Coupled with Diesel Engine and Gear Drive. Pressure Gauge & Air Release Valve are included. | G4: =I4/3.675 -> 30207.36 | I4: 111012.05
A5: LIFECO-UK | B5: 126064200477 | C5: 088001200060 | D5: 074003200263 | E5: LIFECO-UK-UL Listed Vertical Turbine Pump (LFP 200-30 VT-3000RPM) 200 GPM @ 8 Bar, Coupled with Diesel Engine and Gear Drive. Pressure Gauge & Air Release Valve are included. | G5: =I5/3.675 -> 30283.68 | I5: 111292.52
A6: LIFECO-UK | B6: 126064200478 | C6: 088001200060 | D6: 074003200263 | E6: LIFECO-UK-UL Listed Vertical Turbine Pump (LFP 200-30 VT-2900RPM) 200 GPM @ 9 to 10 Bar, Coupled with Diesel Engine and Gear Drive. Pressure Gauge & Air Release Valve are included. | G6: =I6/3.675 -> 33316.627 | I6: 122438.61
A7: LIFECO-UK | B7: 126064200479 | C7: 088001200063 | D7: 074003200263 | E7: LIFECO-UK-UL Listed Vertical Turbine Pump (LFP 200-30 VT-2900RPM) 200 GPM @ 11 Bar, Coupled with Diesel Engine and Gear Drive. Pressure Gauge & Air Release Valve are included. | G7: =I7/3.675 -> 35320.784 | I7: 129803.88
A8: LIFECO-UK | B8: 126064200916 | C8: 088001200063 | D8: 074003200315 | E8: LIFECO-UK-UL Listed Vertical Turbine Pump (LFP 200-30 VT-3000RPM) 200 GPM @ 12 Bar, Coupled with Diesel Engine and Gear Drive. Pressure Gauge & Air Release Valve are included. | G8: =I8/3.675 -> 36133.59 | I8: 132790.94
A9: LIFECO-UK | B9: 126064200480 | C9: 088001200063 | D9: 074003200315 | E9: LIFECO-UK-UL Listed Vertical Turbine Pump (LFP 200-30 VT-2900RPM) 200 GPM @ 13 to 14 Bar, Coupled with Diesel Engine and Gear Drive. Pressure Gauge & Air Release Valve are included. | G9: =I9/3.675 -> 37271.517 | I9: 136972.83
A10: LIFECO-UK | B10: 126064200481 | C10: 088001200063 | D10: 074003200315 | E10: LIFECO-UK-UL Listed Vertical Turbine Pump (LFP 200-30 VT-2900RPM) 200 GPM @ 15 Bar, Coupled with Diesel Engine and Gear Drive. Pressure Gauge & Air Release Valve are included. | G10: =I10/3.675 -> 37293.65 | I10: 137054.16
A11: LIFECO-UK | B11: 126064200482 | C11: 088001200063 | D11: 074003200315 | E11: LIFECO-UK-UL Listed Vertical Turbine Pump (LFP 200-30 VT-3000RPM) 200 GPM @ 16 Bar, Coupled with FM approved Diesel Engine and Gear Drive. Pressure Gauge & Air Release Valve are included. | G11: =I11/3.675 -> 39964.842 | I11: 146870.79
A12: LIFECO-UK | B12: 126064200483 | C12: 088001200063 | D12: 074003200315 | E12: LIFECO-UK-UL Listed Vertical Turbine Pump (LFP 200-30 VT-2900RPM) 200 GPM @ 17 Bar, Coupled with FM approved Diesel Engine and Gear Drive. Pressure Gauge & Air Release Valve are included. | G12: =I12/3.675 -> 40851.677 | I12: 150129.91
A13: LIFECO-UK | B13: 126064200484 | C13: 088001200063 | D13: 074003200315 | E13: LIFECO-UK-UL Listed Vertical Turbine Pump (LFP 200-30 VT-2900RPM) 200 GPM @ 18 Bar, Coupled with FM approved Diesel Engine and Gear Drive. Pressure Gauge & Air Release Valve are included. | G13: =I13/3.675 -> 40851.677 | I13: 150129.91
A14: LIFECO-UK | B14: 126064200485 | C14: 088001200063 | D14: 074003200314 | E14: LIFECO-UK-UL Listed Vertical Turbine Pump (LFP 200-30 VT-2980RPM) 200 GPM @ 19 Bar, Coupled with FM approved Diesel Engine and Gear Drive. Pressure Gauge & Air Release Valve are included. | G14: =I14/3.675 -> 43948.733 | I14: 161511.59
A15: LIFECO-UK | B15: 126064200486 | C15: 088001200063 | D15: 074003200314 | E15: LIFECO-UK-UL Listed Vertical Turbine Pump (LFP 200-30 VT-2900RPM) 200 GPM @ 20 Bar, Coupled with Diesel Engine and Gear Drive. Pressure Gauge & Air Release Valve are included. | G15: =I15/3.675 -> 45536.947 | I15: 167348.28
A16: LIFECO-UK | B16: 126064200487 | C16: 088001200060 | D16: 074003200263 | E16: LIFECO-UK-UL Listed Vertical Turbine Pump (LFP 250-30 VT-2900RPM) 250 GPM @ 6 Bar, Coupled with Diesel Engine and Gear Drive. Pressure Gauge & Air Release Valve are included. | G16: =I16/3.675 -> 30207.36 | I16: 111012.05
A17: LIFECO-UK | B17: 126064200488 | C17: 088001200060 | D17: 074003200263 | E17: LIFECO-UK-UL Listed Vertical Turbine Pump (LFP 250-30 VT-2900RPM) 250 GPM @ 7 Bar, Coupled with Diesel Engine and Gear Drive. Pressure Gauge & Air Release Valve are included. | G17: =I17/3.675 -> 30207.36 | I17: 111012.05
A18: LIFECO-UK | B18: 126064200489 | C18: 088001200060 | D18: 074003200263 | E18: LIFECO-UK-UL Listed Vertical Turbine Pump (LFP 250-30 VT-2900RPM) 250 GPM @ 8 Bar, Coupled with Diesel Engine and Gear Drive. Pressure Gauge & Air Release Valve are included. | G18: =I18/3.675 -> 32193.964 | I18: 118312.82
A19: LIFECO-UK | B19: 126064200490 | C19: 088001200060 | D19: 074003200263 | E19: LIFECO-UK-UL Listed Vertical Turbine Pump (LFP 250-30 VT-2900RPM) 250 GPM @ 9 Bar, Coupled with Diesel Engine and Gear Drive. Pressure Gauge & Air Release Valve are included. | G19: =I19/3.675 -> 33316.627 | I19: 122438.61
A20: LIFECO-UK | B20: 126064200491 | C20: 088001200060 | D20: 074003200263 | E20: LIFECO-UK-UL Listed Vertical Turbine Pump (LFP 250-30 VT-2900RPM) 250 GPM @ 10 Bar, Coupled with Diesel Engine and Gear Drive. Pressure Gauge & Air Release Valve are included. | G20: =I20/3.675 -> 33316.627 | I20: 122438.61
A21: LIFECO-UK | B21: 126064200917 | C21: 088001200063 | D21: 074003200315 | E21: LIFECO-UK-UL Listed Vertical Turbine Pump (LFP 250-30 VT-3000RPM) 250 GPM @ 11 Bar, Coupled with Diesel Engine and Gear Drive. Pressure Gauge & Air Release Valve are included. | G21: =I21/3.675 -> 36133.59 | I21: 132790.94
A22: LIFECO-UK | B22: 126064200492 | C22: 088001200063 | D22: 074003200315 | E22: LIFECO-UK-UL Listed Vertical Turbine Pump (LFP 250-30 VT-2900RPM) 250 GPM @ 12 to 14 Bar, Coupled with Diesel Engine and Gear Drive. Pressure Gauge & Air Release Valve are included. | G22: =I22/3.675 -> 37271.517 | I22: 136972.83
A23: LIFECO-UK | B23: 126064200493 | C23: 088001200063 | D23: 074003200315 | E23: LIFECO-UK-UL Listed Vertical Turbine Pump (LFP 250-30 VT-3000RPM) 250 GPM @ 15 Bar, Coupled with Diesel Engine and Gear Drive. Pressure Gauge & Air Release Valve are included. | G23: =I23/3.675 -> 39964.842 | I23: 146870.79
A24: LIFECO-UK | B24: 126064200494 | C24: 088001200063 | D24: 074003200315 | E24: LIFECO-UK-UL Listed Vertical Turbine Pump (LFP 250-30 VT-2900RPM) 250 GPM @ 16 Bar, Coupled with FM approved Diesel Engine and Gear Drive. Pressure Gauge & Air Release Valve are included. | G24: =I24/3.675 -> 40775.357 | I24: 149849.44
A25: LIFECO-UK | B25: 126064200495 | C25: 088001200063 | D25: 074003200315 | E25: LIFECO-UK-UL Listed Vertical Turbine Pump (LFP 250-30 VT-2900RPM) 250 GPM @ 17 Bar, Coupled with FM approved Diesel Engine and Gear Drive. Pressure Gauge & Air Release Valve are included. | G25: =I25/3.675 -> 40851.677 | I25: 150129.91
A26: LIFECO-UK | B26: 126064200496 | C26: 088001200063 | D26: 074003200314 | E26: LIFECO-UK-UL Listed Vertical Turbine Pump (LFP 250-30 VT-2900RPM) 250 GPM @ 18 Bar, Coupled with FM approved Diesel Engine and Gear Drive. Pressure Gauge & Air Release Valve are included. | G26: =I26/3.675 -> 43948.733 | I26: 161511.59
A27: LIFECO-UK | B27: 126064200497 | C27: 088001200063 | D27: 074003200314 | E27: LIFECO-UK-UL Listed Vertical Turbine Pump (LFP 250-30 VT-3000RPM) 250 GPM @ 19 Bar, Coupled with Diesel Engine and Gear Drive. Pressure Gauge & Air Release Valve are included. | G27: =I27/3.675 -> 43948.733 | I27: 161511.59
A28: LIFECO-UK | B28: 126064200918 | C28: 088001200063 | D28: 074003200314 | E28: LIFECO-UK-UL Listed Vertical Turbine Pump (LFP 250-30 VT-2900RPM) 250 GPM @ 20 Bar, Coupled with Diesel Engine and Gear Drive. Pressure Gauge & Air Release Valve are included. | G28: =I28/3.675 -> 45536.947 | I28: 167348.28
A29: LIFECO-UK | B29: 126064200498 | C29: 088001200060 | D29: 074003200263 | E29: LIFECO-UK-UL Listed Vertical Turbine Pump (LFP 300-30 VT-2900RPM) 300 GPM @ 6 Bar, Coupled with Diesel Engine and Gear Drive. Pressure Gauge & Air Release Valve are included. | G29: =I29/3.675 -> 30207.36 | I29: 111012.05
A30: LIFECO-UK | B30: 126064200499 | C30: 088001200060 | D30: 074003200263 | E30: LIFECO-UK-UL Listed Vertical Turbine Pump (LFP 300-30 VT-2900RPM) 300 GPM @ 7 Bar, Coupled with Diesel Engine and Gear Drive. Pressure Gauge & Air Release Valve are included. | G30: =I30/3.675 -> 30207.36 | I30: 111012.05
A31: LIFECO-UK | B31: 126064200500 | C31: 088001200060 | D31: 074003200263 | E31: LIFECO-UK-UL Listed Vertical Turbine Pump (LFP 300-30 VT-2900RPM) 300 GPM @ 8 Bar, Coupled with Diesel Engine and Gear Drive. Pressure Gauge & Air Release Valve are included. | G31: =I31/3.675 -> 32270.284 | I31: 118593.29
A32: LIFECO-UK | B32: 126064200501 | C32: 088001200060 | D32: 074003200263 | E32: LIFECO-UK-UL Listed Vertical Turbine Pump (LFP 300-30 VT-2900RPM) 300 GPM @ 9 to 10 Bar, Coupled with Diesel Engine and Gear Drive. Pressure Gauge & Air Release Valve are included. | G32: =I32/3.675 -> 33316.627 | I32: 122438.61
A33: LIFECO-UK | B33: 126064200919 | C33: 088001200063 | D33: 074003200315 | E33: LIFECO-UK-UL Listed Vertical Turbine Pump (LFP 300-30 VT-3000RPM) 300 GPM @ 11 Bar, Coupled with Diesel Engine and Gear Drive. Pressure Gauge & Air Release Valve are included. | G33: =I33/3.675 -> 36133.59 | I33: 132790.94
A34: LIFECO-UK | B34: 126064200502 | C34: 088001200063 | D34: 074003200315 | E34: LIFECO-UK-UL Listed Vertical Turbine Pump (LFP 300-30 VT-2900RPM) 300 GPM @ 12 to 13 Bar, Coupled with Diesel Engine and Gear Drive. Pressure Gauge & Air Release Valve are included. | G34: =I34/3.675 -> 37271.517 | I34: 136972.83
A35: LIFECO-UK | B35: 126064200503 | C35: 088001200063 | D35: 074003200315 | E35: LIFECO-UK-UL Listed Vertical Turbine Pump (LFP 300-30 VT-2900RPM) 300 GPM @ 14 Bar, Coupled with Diesel Engine and Gear Drive. Pressure Gauge & Air Release Valve are included. | G35: =I35/3.675 -> 37293.65 | I35: 137054.16
A36: LIFECO-UK | B36: 126064200504 | C36: 088001200063 | D36: 074003200315 | E36: LIFECO-UK-UL Listed Vertical Turbine Pump (LFP 300-30 VT-3000RPM) 300 GPM @ 15 Bar, Coupled with FM approved Diesel Engine and Gear Drive. Pressure Gauge & Air Release Valve are included. | G36: =I36/3.675 -> 39964.842 | I36: 146870.79
A37: LIFECO-UK | B37: 126064200505 | C37: 088001200063 | D37: 074003200315 | E37: LIFECO-UK-UL Listed Vertical Turbine Pump (LFP 300-30 VT-2900RPM) 300 GPM @ 16 Bar, Coupled with Diesel Engine and Gear Drive. Pressure Gauge & Air Release Valve are included. | G37: =I37/3.675 -> 40775.357 | I37: 149849.44
A38: LIFECO-UK | B38: 126064200506 | C38: 088001200063 | D38: 074003200315 | E38: LIFECO-UK-UL Listed Vertical Turbine Pump (LFP 300-30 VT-2900RPM) 300 GPM @ 17 Bar, Coupled with Diesel Engine and Gear Drive. Pressure Gauge & Air Release Valve are included. | G38: =I38/3.675 -> 41538.555 | I38: 152654.19
A39: LIFECO-UK | B39: 126064200920 | C39: 088001200063 | D39: 074003200314 | E39: LIFECO-UK-UL Listed Vertical Turbine Pump (LFP 300-30 VT-2900RPM) 300 GPM @ 18 Bar, Coupled with FM Approved Diesel Engine and Gear Drive. Pressure Gauge & Air Release Valve are included. | G39: =I39/3.675 -> 43948.733 | I39: 161511.59
A40: LIFECO-UK | B40: 126064200507 | C40: 088001200063 | D40: 074003200314 | E40: LIFECO-UK-UL Listed Vertical Turbine Pump (LFP 300-30 VT-3000RPM) 300 GPM @ 19 Bar, Coupled with Diesel Engine and Gear Drive. Pressure Gauge & Air Release Valve are included. | G40: =I40/3.675 -> 43948.733 | I40: 161511.59
A41: LIFECO-UK | B41: 126064200508 | C41: 088001200063 | D41: 074003200314 | E41: LIFECO-UK-UL Listed Vertical Turbine Pump (LFP 300-30 VT-2900RPM) 300 GPM @ 20 Bar, Coupled with Diesel Engine and Gear Drive. Pressure Gauge & Air Release Valve are included. | G41: =I41/3.675 -> 52482.045 | I41: 192871.52
A42: LIFECO-UK | B42: 126064200509 | C42: 088001200060 | D42: 074003200263 | E42: LIFECO-UK-UL Listed Vertical Turbine Pump (LFP 400-30 VT-2900RPM) 400 GPM @ 6 Bar, Coupled with Diesel Engine and Gear Drive. Pressure Gauge & Air Release Valve are included. | G42: =I42/3.675 -> 30207.36 | I42: 111012.05
A43: LIFECO-UK | B43: 126064200510 | C43: 088001200060 | D43: 074003200263 | E43: LIFECO-UK-UL Listed Vertical Turbine Pump (LFP 400-30 VT-3000RPM) 400 GPM @ 7 Bar, Coupled with Diesel Engine and Gear Drive. Pressure Gauge & Air Release Valve are included. | G43: =I43/3.675 -> 30283.68 | I43: 111292.52
A44: LIFECO-UK | B44: 126064200511 | C44: 088001200060 | D44: 074003200263 | E44: LIFECO-UK-UL Listed Vertical Turbine Pump (LFP 400-30 VT-2900RPM) 400 GPM @ 8 to 9 Bar, Coupled with Diesel Engine and Gear Drive. Pressure Gauge & Air Release Valve are included. | G44: =I44/3.675 -> 33316.627 | I44: 122438.61
A45: LIFECO-UK | B45: 126064200512 | C45: 088001200063 | D45: 074003200263 | E45: LIFECO-UK-UL Listed Vertical Turbine Pump (LFP 400-30 VT-2900RPM) 400 GPM @ 10 Bar, Coupled with Diesel Engine and Gear Drive. Pressure Gauge & Air Release Valve are included. | G45: =I45/3.675 -> 35320.784 | I45: 129803.88
A46: LIFECO-UK | B46: 126064200513 | C46: 088001200063 | D46: 074003200315 | E46: LIFECO-UK-UL Listed Vertical Turbine Pump (LFP 400-30 VT-2900RPM) 400 GPM @ 11 to 13 Bar, Coupled with Diesel Engine and Gear Drive. Pressure Gauge & Air Release Valve are included. | G46: =I46/3.675 -> 37271.517 | I46: 136972.83
A47: LIFECO-UK | B47: 126064200514 | C47: 088001200063 | D47: 074003200315 | E47: LIFECO-UK-UL Listed Vertical Turbine Pump (LFP 400-30 VT-3000RPM) 400 GPM @ 14 Bar, Coupled with Diesel Engine and Gear Drive. Pressure Gauge & Air Release Valve are included. | G47: =I47/3.675 -> 39964.842 | I47: 146870.79
A48: LIFECO-UK | B48: 126064200515 | C48: 088001200063 | D48: 074003200315 | E48: LIFECO-UK-UL Listed Vertical Turbine Pump (LFP 400-30 VT-2900RPM) 400 GPM @ 15 Bar, Coupled with FM approved Diesel Engine and Gear Drive. Pressure Gauge & Air Release Valve are included. | G48: =I48/3.675 -> 40775.357 | I48: 149849.44
A49: LIFECO-UK | B49: 126064200516 | C49: 088001200063 | D49: 074003200315 | E49: LIFECO-UK-UL Listed Vertical Turbine Pump (LFP 400-30 VT-2900RPM) 400 GPM @ 16 Bar, Coupled with FM approved Diesel Engine and Gear Drive. Pressure Gauge & Air Release Valve are included. | G49: =I49/3.675 -> 40851.677 | I49: 150129.91
A50: LIFECO-UK | B50: 126064200517 | C50: 088001200063 | D50: 074003200314 | E50: LIFECO-UK-UL Listed Vertical Turbine Pump (LFP 400-30 VT-2900RPM) 400 GPM @ 17 Bar, Coupled with FM approved Diesel Engine and Gear Drive. Pressure Gauge & Air Release Valve are included. | G50: =I50/3.675 -> 43948.733 | I50: 161511.59
A51: LIFECO-UK | B51: 126064200518 | C51: 088001200063 | D51: 074003200314 | E51: LIFECO-UK-UL Listed Vertical Turbine Pump (LFP 400-30 VT-3000RPM) 400 GPM @ 18 Bar, Coupled with Diesel Engine and Gear Drive. Pressure Gauge & Air Release Valve are included. | G51: =I51/3.675 -> 43948.733 | I51: 161511.59
... A61: LIFECO-UK | B61: 126064200528 | C61: 088001200063 | D61: 074003200315 | E61: LIFECO-UK-UL Listed Vertical Turbine Pump (LFP 450-30 VT-2900RPM) 450 GPM @ 15 Bar, Coupled with FM approved Diesel Engine and Gear Drive. Pressure Gauge & Air Release Valve are included. | G61: =I61/3.675 -> 40851.677 | I61: 150129.91
A62: LIFECO-UK | B62: 126064200921 | C62: 088001200063 | D62: 074003200314 | E62: LIFECO-UK-UL Listed Vertical Turbine Pump (LFP 450-30 VT-2900RPM) 450 GPM @ 16 Bar, Coupled with FM approved Diesel Engine and Gear Drive. Pressure Gauge & Air Release Valve are included. | G62: =I62/3.675 -> 43948.733 | I62: 161511.59
A63: LIFECO-UK | B63: 126064200529 | C63: 088001200063 | D63: 074003200314 | E63: LIFECO-UK-UL Listed Vertical Turbine Pump (LFP 450-30 VT-3000RPM) 450 GPM @ 17 Bar, Coupled with Diesel Engine and Gear Drive. Pressure Gauge & Air Release Valve are included. | G63: =I63/3.675 -> 43948.733 | I63: 161511.59
A64: LIFECO-UK | B64: 126064200530 | C64: 088001200063 | D64: 074003200314 | E64: LIFECO-UK-UL Listed Vertical Turbine Pump (LFP 450-30 VT-2900RPM) 450 GPM @ 18 Bar, Coupled with Diesel Engine and Gear Drive. Pressure Gauge & Air Release Valve are included. | G64: =I64/3.675 -> 45536.947 | I64: 167348.28
A65: LIFECO-UK | B65: 126064200922 | C65: 088001200063 | D65: 074003200314 | E65: LIFECO-UK-UL Listed Vertical Turbine Pump (LFP 450-30 VT-2900RPM) 450 GPM @ 19 Bar, Coupled with Diesel Engine and Gear Drive. Pressure Gauge & Air Release Valve are included. | G65: =I65/3.675 -> 52482.045 | I65: 192871.52
A66: LIFECO-UK | B66: 126064200531 | C66: 088001200063 | D66: 074003200314 | E66: LIFECO-UK-UL Listed Vertical Turbine Pump (LFP 450-30 VT-3000RPM) 450 GPM @ 20 Bar, Coupled with FM approved Diesel Engine and Gear Drive. Pressure Gauge & Air Release Valve are included. | G66: =I66/3.675 -> 52558.365 | I66: 193151.99
A67: LIFECO-UK | B67: 126064200532 | C67: 088001200060 | D67: 074003200263 | E67: LIFECO-UK-UL Listed Vertical Turbine Pump (LFP 500-30 VT-2900RPM) 500 GPM @ 6 Bar, Coupled with Diesel Engine and Gear Drive. Pressure Gauge & Air Release Valve are included. | G67: =I67/3.675 -> 30207.36 | I67: 111012.05
A68: LIFECO-UK | B68: 126064200533 | C68: 088001200060 | D68: 074003200263 | E68: LIFECO-UK-UL Listed Vertical Turbine Pump (LFP 500-30 VT-3000RPM) 500 GPM @ 7 Bar, Coupled with Diesel Engine and Gear Drive. Pressure Gauge & Air Release Valve are included. | G68: =I68/3.675 -> 32142.066 | I68: 118122.09
A69: LIFECO-UK | B69: 126064200534 | C69: 088001200060 | D69: 074003200263 | E69: LIFECO-UK-UL Listed Vertical Turbine Pump (LFP 500-30 VT-2900RPM) 500 GPM @ 8 to 9 Bar, Coupled with Diesel Engine and Gear Drive. Pressure Gauge & Air Release Valve are included. | G69: =I69/3.675 -> 33316.627 | I69: 122438.61
A70: LIFECO-UK | B70: 126064200535 | C70: 088001200063 | D70: 074003200315 | E70: LIFECO-UK-UL Listed Vertical Turbine Pump (LFP 500-30 VT-3000RPM) 500 GPM @ 10 Bar, Coupled with Diesel Engine and Gear Drive. Pressure Gauge & Air Release Valve are included. | G70: =I70/3.675 -> 36133.59 | I70: 132790.94
A71: LIFECO-UK | B71: 126064200536 | C71: 088001200063 | D71: 074003200315 | E71: LIFECO-UK-UL Listed Vertical Turbine Pump (LFP 500-30 VT-2900RPM) 500 GPM @ 11 to 12 Bar, Coupled with Diesel Engine and Gear Drive. Pressure Gauge & Air Release Valve are included. | G71: =I71/3.675 -> 37271.517 | I71: 136972.83
A72: LIFECO-UK | B72: 126064200537 | C72: 088001200063 | D72: 074003200315 | E72: LIFECO-UK-UL Listed Vertical Turbine Pump (LFP 500-30 VT-2900RPM) 500 GPM @ 13 Bar, Coupled with Diesel Engine and Gear Drive. Pressure Gauge & Air Release Valve are included. | G72: =I72/3.675 -> 37293.65 | I72: 137054.16
A73: LIFECO-UK | B73: 126064200538 | C73: 088001200063 | D73: 074003200315 | E73: LIFECO-UK-UL Listed Vertical Turbine Pump (LFP 500-30 VT-3000RPM) 500 GPM @ 14 Bar, Coupled with FM approved Diesel Engine and Gear Drive. Pressure Gauge & Air Release Valve are included. | G73: =I73/3.675 -> 39964.842 | I73: 146870.79
A74: LIFECO-UK | B74: 126064200539 | C74: 088001200063 | D74: 074003200315 | E74: LIFECO-UK-UL Listed Vertical Turbine Pump (LFP 500-30 VT-2900RPM) 500 GPM @ 15 Bar, Coupled with FM approved Diesel Engine and Gear Drive. Pressure Gauge & Air Release Valve are included. | G74: =I74/3.675 -> 40851.677 | I74: 150129.91
A75: LIFECO-UK | B75: 126064200540 | C75: 088001200063 | D75: 074003200314 | E75: LIFECO-UK-UL Listed Vertical Turbine Pump (LFP 500-30 VT-2900RPM) 500 GPM @ 16 Bar, Coupled with FM approved Diesel Engine and Gear Drive. Pressure Gauge & Air Release Valve are included. | G75: =I75/3.675 -> 43948.733 | I75: 161511.59
A76: LIFECO-UK | B76: 126064200541 | C76: 088001200063 | D76: 074003200314 | E76: LIFECO-UK-UL Listed Vertical Turbine Pump (LFP 500-30 VT-3000RPM) 500 GPM @ 17 Bar, Coupled with Diesel Engine and Gear Drive. Pressure Gauge & Air Release Valve are included. | G76: =I76/3.675 -> 43948.733 | I76: 161511.59
A77: LIFECO-UK | B77: 126064200542 | C77: 088001200063 | D77: 074003200314 | E77: LIFECO-UK-UL Listed Vertical Turbine Pump (LFP 500-30 VT-2900RPM) 500 GPM @ 18 Bar, Coupled with Diesel Engine and Gear Drive. Pressure Gauge & Air Release Valve are included. | G77: =I77/3.675 -> 52482.045 | I77: 192871.52
... A84: LIFECO-UK | B84: 126064200549 | C84: 088001200063 | D84: 074003200315 | E84: LIFECO-UK-UL Listed Vertical Turbine Pump (LFP 750-30 VT-2950RPM) 750 GPM @ 11 Bar, Coupled with FM approved Diesel Engine and Gear Drive. Pressure Gauge & Air Release Valve are included. | G84: =I84/3.675 -> 39964.842 | I84: 146870.79
A85: LIFECO-UK | B85: 126064200923 | C85: 088001200063 | D85: 074003200315 | E85: LIFECO-UK-UL Listed Vertical Turbine Pump (LFP 750-30 VT-3000RPM) 750 GPM @ 11.93 Bar, Coupled with FM approved Diesel Engine and Gear Drive. Pressure Gauge & Air Release Valve are included. | G85: =I85/3.675 -> 39964.842 | I85: 146870.79
A86: LIFECO-UK | B86: 126064200550 | C86: 088001200063 | D86: 074003200315 | E86: LIFECO-UK-UL Listed Vertical Turbine Pump (LFP 750-30 VT-2900RPM) 750 GPM @ 12.41 Bar, Coupled with FM approved Diesel Engine and Gear Drive. Pressure Gauge & Air Release Valve are included. | G86: =I86/3.675 -> 40851.677 | I86: 150129.91
A87: LIFECO-UK | B87: 126064200551 | C87: 088001200063 | D87: 074003200315 | E87: LIFECO-UK-UL Listed Vertical Turbine Pump (LFP 750-30 VT-2900RPM) 750 GPM @ 13 Bar, Coupled with FM approved Diesel Engine and Gear Drive. Pressure Gauge & Air Release Valve are included. | G87: =I87/3.675 -> 40851.677 | I87: 150129.91
A88: LIFECO-UK | B88: 126064200552 | C88: 088001200063 | D88: 074003200315 | E88: LIFECO-UK-UL Listed Vertical Turbine Pump (LFP 750-30 VT-2950RPM) 750 GPM @ 14 Bar, Coupled with FM approved Diesel Engine and Gear Drive. Pressure Gauge & Air Release Valve are included. | G88: =I88/3.675 -> 40851.677 | I88: 150129.91
A89: LIFECO-UK | B89: 126064200553 | C89: 088001200063 | D89: 074003200315 | E89: LIFECO-UK-UL Listed Vertical Turbine Pump (LFP 750-30 VT-2900RPM) 750 GPM @ 15 Bar, Coupled with Diesel Engine and Gear Drive. Pressure Gauge & Air Release Valve are included. | G89: =I89/3.675 -> 42440.655 | I89: 155969.41
A90: LIFECO-UK | B90: 126064200554 | C90: 088001200063 | D90: 074003200315 | E90: LIFECO-UK-UL Listed Vertical Turbine Pump (LFP 750-30 VT-2900RPM) 750 GPM @ 16 Bar, Coupled with Diesel Engine and Gear Drive. Pressure Gauge & Air Release Valve are included. | G90: =I90/3.675 -> 42440.655 | I90: 155969.41
A91: LIFECO-UK | B91: 126064200555 | C91: 088001200063 | D91: 074003200315 | E91: LIFECO-UK-UL Listed Vertical Turbine Pump (LFP 750-30 VT-2950RPM) 750 GPM @ 17 Bar, Coupled with FM approved Diesel Engine and Gear Drive. Pressure Gauge & Air Release Valve are included. | G91: =I91/3.675 -> 52558.365 | I91: 193151.99

Sheet UL Electric VTP 60Hz 30VT
A1: UL Electric VTP 60Hz 30VT
A2: Item of | B2: Item Code | C2: Electric Panel Item Code | D2: Description | F2: LIFECO-UK GP (USD) | H2: LIFECO-UK GP (AED)
A3: LIFECO-UK | B3: 126064200556 | C3: 107002200003 | D3: LIFECO-UK-UL Listed Vertical Turbine Pump (LFP 200-30 VT-2900RPM) 200 GPM @ 6 Bar, Coupled with 60Hz ODP Electric Motor and Gear Drive. Pressure Gauge, Air Release Valve and Casing Relief Valve are included. | F3: =H3/3.675 -> 23779.71 | H3: 87390.436
A4: LIFECO-UK | B4: 126064200557 | C4: 107002200003 | D4: LIFECO-UK-UL Listed Vertical Turbine Pump (LFP 200-30 VT-2900RPM) 200 GPM @ 7 Bar, Coupled with 60Hz ODP Electric Motor and Gear Drive. Pressure Gauge, Air Release Valve and Casing Relief Valve are included. | F4: =H4/3.675 -> 23779.71 | H4: 87390.436
A5: LIFECO-UK | B5: 126064200558 | C5: 088001200095 | D5: LIFECO-UK-UL Listed Vertical Turbine Pump (LFP 200-30 VT-2900RPM) 200 GPM @ 8 Bar, Coupled with 60Hz ODP Electric Motor and Gear Drive. Pressure Gauge, Air Release Valve and Casing Relief Valve are included. | F5: =H5/3.675 -> 25420.585 | H5: 93420.651
A6: LIFECO-UK | B6: 126064200559 | C6: 088001200094 | D6: LIFECO-UK-UL Listed Vertical Turbine Pump (LFP 200-30 VT-2900RPM) 200 GPM @ 9 to 11 Bar, Coupled with 60Hz ODP Electric Motor and Gear Drive. Pressure Gauge, Air Release Valve and Casing Relief Valve are included. | F6: =H6/3.675 -> 26263.155 | H6: 96517.096
A7: LIFECO-UK | B7: 126064200560 | C7: 088001200061 | D7: LIFECO-UK-UL Listed Vertical Turbine Pump (LFP 200-30 VT-2900RPM) 200 GPM @ 12 to 13 Bar, Coupled with 60Hz ODP Electric Motor and Gear Drive. Pressure Gauge, Air Release Valve and Casing Relief Valve are included. | F7: =H7/3.675 -> 28656.543 | H7: 105312.8
A8: LIFECO-UK | B8: 126064200561 | C8: 088001200061 | D8: LIFECO-UK-UL Listed Vertical Turbine Pump (LFP 200-30 VT-2900RPM) 200 GPM @ 14 Bar, Coupled with 60Hz ODP Electric Motor and Gear Drive. Pressure Gauge, Air Release Valve and Casing Relief Valve are included. | F8: =H8/3.675 -> 28656.543 | H8: 105312.8
A9: LIFECO-UK | B9: 126064200562 | C9: 088001200020 | D9: LIFECO-UK-UL Listed Vertical Turbine Pump (LFP 200-30 VT-2900RPM) 200 GPM @ 15 Bar, Coupled with 60Hz ODP Electric Motor and Gear Drive. Pressure Gauge, Air Release Valve and Casing Relief Valve are included. | F9: =H9/3.675 -> 29770.048 | H9: 109404.93
A10: LIFECO-UK | B10: 126064200563 | C10: 088001200020 | D10: LIFECO-UK-UL Listed Vertical Turbine Pump (LFP 200-30 VT-2900RPM) 200 GPM @ 16 Bar, Coupled with 60Hz ODP Electric Motor and Gear Drive. Pressure Gauge, Air Release Valve and Casing Relief Valve are included. | F10: =H10/3.675 -> 30761.442 | H10: 113048.3
A11: LIFECO-UK | B11: 126064200564 | C11: 088001200020 | D11: LIFECO-UK-UL Listed Vertical Turbine Pump (LFP 200-30 VT-2900RPM) 200 GPM @ 17 Bar, Coupled with 60Hz ODP Electric Motor and Gear Drive. Pressure Gauge, Air Release Valve and Casing Relief Valve are included. | F11: =H11/3.675 -> 30761.442 | H11: 113048.3
A12: LIFECO-UK | B12: 126064200565 | C12: 088001200020 | D12: LIFECO-UK-UL Listed Vertical Turbine Pump (LFP 200-30 VT-2900RPM) 200 GPM @ 18 Bar, Coupled with 60Hz ODP Electric Motor and Gear Drive. Pressure Gauge, Air Release Valve and Casing Relief Valve are included. | F12: =H12/3.675 -> 30761.442 | H12: 113048.3
A13: LIFECO-UK | B13: 126064200566 | C13: 088001200057 | D13: LIFECO-UK-UL Listed Vertical Turbine Pump (LFP 200-30 VT-2980RPM) 200 GPM @ 19 Bar, Coupled with 60Hz ODP Electric Motor and Gear Drive. Pressure Gauge, Air Release Valve and Casing Relief Valve are included. | F13: =H13/3.675 -> 33723.412 | H13: 123933.54
A14: LIFECO-UK | B14: 126064200567 | C14: 088001200057 | D14: LIFECO-UK-UL Listed Vertical Turbine Pump (LFP 200-30 VT-2900RPM) 200 GPM @ 20 Bar, Coupled with 60Hz ODP Electric Motor and Gear Drive. Pressure Gauge, Air Release Valve and Casing Relief Valve are included. | F14: =H14/3.675 -> 35311.626 | H14: 129770.23
... A77: LIFECO-UK | B77: 126064200630 | C77: 088001200020 | D77: LIFECO-UK-UL Listed Vertical Turbine Pump (LFP 750-30 VT-2950RPM) 750 GPM @ 11 Bar, Coupled with 60Hz ODP Electric Motor and Gear Drive. Pressure Gauge, Air Release Valve and Casing Relief Valve are included. | F77: =H77/3.675 -> 29770.048 | H77: 109404.93
A78: LIFECO-UK | B78: 126064200915 | C78: 088001200020 | D78: LIFECO-UK-UL Listed Vertical Turbine Pump (LFP 750-30 VT-3000RPM) 750 GPM @ 11.93 Bar, Coupled with 60Hz ODP Electric Motor and Gear Drive. Pressure Gauge, Air Release Valve and Casing Relief Valve are included. | F78: =H78/3.675 -> 29770.048 | H78: 109404.93
A79: LIFECO-UK | B79: 126064200631 | C79: 088001200020 | D79: LIFECO-UK-UL Listed Vertical Turbine Pump (LFP 750-30 VT-2900RPM) 750 GPM @ 12.41 Bar, Coupled with 60Hz ODP Electric Motor and Gear Drive. Pressure Gauge, Air Release Valve and Casing Relief Valve are included. | F79: =H79/3.675 -> 30761.442 | H79: 113048.3
A80: LIFECO-UK | B80: 126064200632 | C80: 088001200020 | D80: LIFECO-UK-UL Listed Vertical Turbine Pump (LFP 750-30 VT-2900RPM) 750 GPM @ 13 Bar, Coupled with 60Hz ODP Electric Motor and Gear Drive. Pressure Gauge, Air Release Valve and Casing Relief Valve are included. | F80: =H80/3.675 -> 30761.442 | H80: 113048.3
A81: LIFECO-UK | B81: 126064200633 | C81: 088001200020 | D81: LIFECO-UK-UL Listed Vertical Turbine Pump (LFP 750-30 VT-2950RPM) 750 GPM @ 14 Bar, Coupled with 60Hz ODP Electric Motor and Gear Drive. Pressure Gauge, Air Release Valve and Casing Relief Valve are included. | F81: =H81/3.675 -> 30761.442 | H81: 113048.3
A82: LIFECO-UK | B82: 126064200634 | C82: 088001200020 | D82: LIFECO-UK-UL Listed Vertical Turbine Pump (LFP 750-30 VT-2900RPM) 750 GPM @ 15 Bar, Coupled with 60Hz ODP Electric Motor and Gear Drive. Pressure Gauge, Air Release Valve and Casing Relief Valve are included. | F82: =H82/3.675 -> 32721.333 | H82: 120250.9
A83: LIFECO-UK | B83: 126064200635 | C83: 088001200020 | D83: LIFECO-UK-UL Listed Vertical Turbine Pump (LFP 750-30 VT-2900RPM) 750 GPM @ 16 Bar, Coupled with 60Hz ODP Electric Motor and Gear Drive. Pressure Gauge, Air Release Valve and Casing Relief Valve are included. | F83: =H83/3.675 -> 32721.333 | H83: 120250.9
A84: LIFECO-UK | B84: 126064200636 | C84: 088001200076 | D84: LIFECO-UK-UL Listed Vertical Turbine Pump (LFP 750-30 VT-2950RPM) 750 GPM @ 17 Bar, Coupled with 60Hz ODP Electric Motor and Gear Drive. Pressure Gauge, Air Release Valve and Casing Relief Valve are included. | F84: =H84/3.675 -> 40576.163 | H84: 149117.4

Sheet Column Pipe VTP
A1: Column Pipe VTP
A2: Item of | B2: Item Code | C2: Item Code | D2: Description | F2: LIFECO-UK GP (USD) | H2: LIFECO-UK GP (AED)
A3: LIFECO-UK | B3: SF-PMPUL30VTCP01 | C3: 106049200055 | D3: 500 mm Additional Column pipe for 30-VT pump | F3: 1246.4375 | H3: 4580.6578
A4: LIFECO-UK | B4: SF-PMPUL30VTCP02 | C4: 106049200056 | D4: 1000 mm Additional Column pipe for 30-VT pump | F4: 1590.05 | H4: 5843.4337
A5: LIFECO-UK | B5: SF-PMPUL30VTCP03 | C5: 106049200058 | D5: 2000 mm Additional Column pipe for 30-VT pump | F5: 1953.875 | H5: 7180.4906
A6: LIFECO-UK | B6: SF-PMPUL30VTCP04 | C6: 106049200061 | D6: 3000 mm Additional Column pipe for 30-VT pump | F6: 2182.95 | H6: 8022.3413

Sheet LF Stand. Pump
A1: LIFECO-UK Costum Engineered Fire Pump - Gmax
A2: Item of | B2: Item Code | C2: Item Code | D2: Description | F2: LIFECO-UK GP (USD) | H2: LIFECO-UK GP (AED)
D3: 100 GPM Models
A4: LIFECO-UK | B4: LF-PMPSTDHES001 | C4: 047017200163 | D4: Pump Set, Electrical Motor and Diesel Engine Driven, Horizontal End Suction Type, Capacity 100 GPM at 6 Bar with Jockey Pump, Controller DOL and Standard Accessories Excel Series, Standard Approved, LIFECO-UK, Model 100 EDJ-6 | F4: =H4/3.675 -> 9755.1916 | H4: 35850.329
A5: LIFECO-UK | B5: LF-PMPSTDHES002 | C5: 047017200214 | D5: Pump Set, Electrical Motor and Diesel Engine Driven, Horizontal End Suction Type, Capacity 100 GPM at 7 Bar with Jockey Pump, Controller DOL and Standard Accessories Excel Series, Standard Approved, LIFECO-UK, Model 100 EDJ-7 | F5: =H5/3.675 -> 9755.1916 | H5: 35850.329
A6: LIFECO-UK | B6: LF-PMPSTDHES003 | C6: 235022200002 | D6: Pump Set, Electrical Motor and Diesel Engine Driven, Horizontal End Suction Type, Capacity 100 GPM at 7 Bar with Pressure Tank, Controller DOL and Standard Accessories, Excel Series, Standard Approved, LIFECO-UK, Model 100 EDPT-7 DOL | F6: =H6/3.675 -> 8891.2519 | H6: 32675.351
A7: LIFECO-UK | B7: LF-PMPSTDHES004 | C7: 047017200168 | D7: Pump Set, Electrical Motor and Diesel Engine Driven, Horizontal End Suction Type, Capacity 100 GPM at 8 Bar with Jockey Pump, Controller DOL and Standard Accessories Excel Series, Standard Approved, LIFECO-UK, Model 100 EDJ-8 | F7: =H7/3.675 -> 9494.178 | H7: 34891.104
A8: LIFECO-UK | B8: LF-PMPSTDHES005 | C8: 047017900041 | D8: LIFECO-UK Fire Pump Set, Electrical Motor and Diesel Engine Driven, Horizontal End Suction Type, Capacity 100 GPM @ 9 Bar with Jockey Pump, Common Controller DOL Starter and Standard Accessories, Excel Series, Standard Approved, LIFECO-UK,Model 100 EDJ-9 | F8: =H8/3.675 -> 9494.178 | H8: 34891.104
D9: 120 GPM Models
A10: LIFECO-UK | B10: LF-PMPSTDHES006 | C10: 235003200026 | D10: LIFECO-UK Fire Pump Set, Electrical Motor and Diesel Engine Driven, Horizontal End Suction Type, Capacity 120 GPM @ 6 Bar with Jockey Pump, Common Controller DOL Starter and Standard Accessories, Excel Series, Standard Approved, LIFECO-UK,Model 120 EDJ-6 | F10: =H10/3.675 -> 9681.1614 | H10: 35578.268
A11: LIFECO-UK | B11: LF-PMPSTDHES007 | C11: 047017200016 | D11: LIFECO-UK Fire Pump Set, Electrical Motor and Diesel Engine Driven, Horizontal End Suction Type, Capacity 120 GPM @ 7 Bar with Jockey Pump, Common Controller DOL Starter and Standard Accessories, Excel Series, Standard Approved, LIFECO-UK,Model 120 EDJ-7 | F11: =H11/3.675 -> 9681.1614 | H11: 35578.268
A12: LIFECO-UK | B12: LF-PMPSTDHES008 | C12: 047017200226 | D12: LIFECO-UK Fire Pump Set, Electrical Motor and Diesel Engine Driven, Horizontal End Suction Type, Capacity 120 GPM @ 8 Bar with Jockey Pump, Common Controller DOL Starter and Standard Accessories, Excel Series, Standard Approved, LIFECO-UK,Model 120 EDJ-8 | F12: =H12/3.675 -> 10135.264 | H12: 37247.095
A13: LIFECO-UK | B13: LF-PMPSTDHES009 | C13: 235003200027 | D13: LIFECO-UK Fire Pump Set, Electrical Motor and Diesel Engine Driven, Horizontal End Suction Type, Capacity 120 GPM @ 9 Bar with Jockey Pump, Common Controller DOL Starter and Standard Accessories, Excel Series, Standard Approved, LIFECO-UK,Model 120 EDJ-9 | F13: =H13/3.675 -> 10135.264 | H13: 37247.095
D14: 150 GPM Models
A15: LIFECO-UK | B15: LF-PMPSTDHES010 | C15: 047002200005 | D15: LIFECO-UK Pump Set, Electrical Motor and Diesel Engine Driven, Horizontal End Suction Type, Capacity 150 GPM at 6 Bar with Jockey Pump and Pressure Tank, Controller DOL and Standard Accessories Excel Series, Standard Approved, LIFECO-UK, Model 150 EDJPT-6 | F15: =H15/3.675 -> 9925.3846 | H15: 36475.788
A16: LIFECO-UK | B16: LF-PMPSTDHES011 | C16: 047013200007 | D16: LIFECO-UK Fire Pump Set, Electrical Motor and Diesel Engine Driven, Horizontal End Suction Type, Capacity 150 GPM @ 7 Bar with Jockey Pump, Common Controller DOL Starter and Standard Accessories, Excel Series, Standard Approved, LIFECO-UK,Model 150 EDJ-7 | F16: =H16/3.675 -> 10047.496 | H16: 36924.549
A17: LIFECO-UK | B17: LF-PMPSTDHES012 | C17: 090008200002 | D17: LIFECO-UK Fire Pump Set, Electrical Motor and Diesel Engine Driven, Horizontal End Suction Type, Capacity 150 GPM @ 8 Bar with Jockey Pump, Common Controller DOL Starter and Standard Accessories, Excel Series, Standard Approved, LIFECO-UK,Model 150 EDJ-8 | F17: =H17/3.675 -> 10112.368 | H17: 37162.952
A18: LIFECO-UK | B18: LF-PMPSTDHES013 | C18: 235003200066 | D18: LIFECO-UK Fire Pump Set, Electrical Motor and Diesel Engine Driven, Horizontal End Suction Type, Capacity 150 GPM @ 9 Bar with Jockey Pump, Common Controller DOL Starter and Standard Accessories, Excel Series, Standard Approved, LIFECO-UK,Model 150 EDJ-9 | F18: =H18/3.675 -> 10356.591 | H18: 38060.473
D19: 200 GPM Models
A20: LIFECO-UK | B20: LF-PMPSTDHES014 | C20: 235003200067 | D20: LIFECO-UK Fire Pump Set, Electrical Motor and Diesel Engine Driven, Horizontal End Suction Type, Capacity 200 GPM @ 6 Bar with Jockey Pump, Common Controller DOL Starter and Standard Accessories, Excel Series, Standard Approved, LIFECO-UK,Model 200 EDJ-6 | F20: =H20/3.675 -> 11356.38 | H20: 41734.697
A21: LIFECO-UK | B21: LF-PMPSTDHES015 | C21: 126064200070 | D21: LIFECO-UK Fire Pump Set, Electrical Motor and Diesel Engine Driven, Horizontal End Suction Type, Capacity 200 GPM @ 7 Bar with Jockey Pump, Common Controller DOL Starter and Standard Accessories, Excel Series, Standard Approved, LIFECO-UK,Model 200 EDJ-7 | F21: =H21/3.675 -> 11470.86 | H21: 42155.41
A22: LIFECO-UK | B22: LF-PMPSTDHES016 | C22: 126064200071 | D22: LIFECO-UK Fire Pump Set, Electrical Motor and Diesel Engine Driven, Horizontal End Suction Type, Capacity 200 GPM @ 8 Bar with Jockey Pump, Common Controller DOL Starter and Standard Accessories, Excel Series, Standard Approved, LIFECO-UK,Model 200 EDJ-8 | F22: =H22/3.675 -> 11524.284 | H22: 42351.742
A23: LIFECO-UK | B23: LF-PMPSTDHES017 | C23: 102002200040 | D23: LIFECO-UK Fire Pump Set, Electrical Motor and Diesel Engine Driven, Horizontal End Suction Type, Capacity 200 GPM @ 9 Bar with Jockey Pump, Common Controller DOL Starter and Standard Accessories, Excel Series, Standard Approved, LIFECO-UK,Model 200 EDJ-9 | F23: =H23/3.675 -> 11997.466 | H23: 44090.688
A24: LIFECO-UK | B24: LF-PMPSTDHES018 | C24: 235003200028 | D24: LIFECO-UK Fire Pump Set, Electrical Motor and Diesel Engine Driven, Horizontal End Suction Type, Capacity 200 GPM @ 10 Bar with Jockey Pump, Common Controller DOL Starter and Standard Accessories, Excel Series, Standard Approved, LIFECO-UK,Model 200 EDJ-10 | F24: =H24/3.675 -> 13008.703 | H24: 47806.983
D25: 250 GPM Models
A26: LIFECO-UK | B26: LF-PMPSTDHES019 | C26: 047017200020 | D26: LIFECO-UK Fire Pump Set, Electrical Motor and Diesel Engine Driven, Horizontal End Suction Type, Capacity 250 GPM at 5 Bar with Jockey Pump, Controller DOL and Standard Accessories Excel Series, Standard Approved, LIFECO-UK,Model 250 EDJ-5 | F26: =H26/3.675 -> 11646.395 | H26: 42800.502
A27: LIFECO-UK | B27: LF-PMPSTDHES020 | C27: 047017200018 | D27: LIFECO-UK Fire Pump Set, Electrical Motor and Diesel Engine Driven, Horizontal End Suction Type, Capacity 250 GPM at 6 Bar with Jockey Pump, Controller DOL and Standard Accessories Excel Series, Standard Approved, LIFECO-UK,Model 250 EDJ-6 | F27: =H27/3.675 -> 11364.012 | H27: 41762.744
A28: LIFECO-UK | B28: LF-PMPSTDHES021 | C28: 047017200171 | D28: LIFECO-UK Fire Pump Set, Electrical Motor and Diesel Engine Driven, Horizontal End Suction Type, Capacity 250 GPM at 7 Bar with Jockey Pump, Controller DOL and Standard Accessories Excel Series, Standard Approved, LIFECO-UK,Model 250 EDJ-7 | F28: =H28/3.675 -> 11524.284 | H28: 42351.742
A29: LIFECO-UK | B29: LF-PMPSTDHES022 | C29: 235018200005 | D29: LIFECO-UK Fire Pump Set, Electrical Motor and Diesel Engine Driven, Horizontal End Suction Type, Capacity 250 GPM at 7 Bar with Jockey Pump and 24 Litre Pressure Tank, Controller DOL and Standard Accessories Excel Series, Standard Approved, LIFECO-UK,Model 250 EDJPT-7 | F29: =H29/3.675 -> 11600.603 | H29: 42632.217
B30: LF-PMPSTDHES023 | C30: 047017200019 | D30: LIFECO-UK Fire Pump Set, Electrical Motor and Diesel Engine Driven, Horizontal End Suction Type, Capacity 250 GPM @ 8 Bar with Jockey Pump, Common Controller DOL Starter and Standard Accessories, Excel Series, Standard Approved, LIFECO-UK,Model 250 EDJ-8 | F30: =H30/3.675 -> 12058.522 | H30: 44315.068
A31: LIFECO-UK | B31: LF-PMPSTDHES024 | C31: 047017200141 | D31: LIFECO-UK Fire Pump Set, Electrical Motor and Diesel Engine Driven, Horizontal End Suction Type, Capacity 250 GPM @ 9 Bar with Jockey Pump, Common Controller DOL Starter and Standard Accessories, Excel Series, Standard Approved, LIFECO-UK,Model 250 EDJ-9 | F31: =H31/3.675 -> 12073.786 | H31: 44371.163
A32: LIFECO-UK | B32: LF-PMPSTDHES025 | C32: 047017200110 | D32: LIFECO-UK Fire Pump Set, Electrical Motor and Diesel Engine Driven, Horizontal End Suction Type, Capacity 250 GPM @ 10 Bar with Jockey Pump, Common Controller DOL Starter and Standard Accessories, Excel Series, Standard Approved, LIFECO-UK,Model 250 EDJ-10 | F32: =H32/3.675 -> 13920.724 | H32: 51158.661
D33: 300 GPM Models
A34: LIFECO-UK | B34: LF-PMPSTDHES026 | C34: 102002200048 | D34: LIFECO-UK Fire Pump Set, Electrical Motor and Diesel Engine Driven, Horizontal End Suction Type, Capacity 300 GPM @ 6 Bar with Jockey Pump, Common Controller DOL Starter and Standard Accessories, Excel Series, Standard Approved, LIFECO-UK,Model 300 EDJ-6 | F34: =H34/3.675 -> 12173.002 | H34: 44735.781
A35: LIFECO-UK | B35: LF-PMPSTDHES027 | C35: 047017200174 | D35: LIFECO-UK Fire Pump Set, Electrical Motor and Diesel Engine Driven, Horizontal End Suction Type, Capacity 300 GPM @ 7 Bar with Jockey Pump, Common Controller DOL Starter and Standard Accessories, Excel Series, Standard Approved, LIFECO-UK,Model 300 EDJ-7 | F35: =H35/3.675 -> 12180.633 | H35: 44763.828
A36: LIFECO-UK | B36: LF-PMPSTDHES028 | C36: 047017200115 | D36: LIFECO-UK Fire Pump Set, Electrical Motor and Diesel Engine Driven, Horizontal End Suction Type, Capacity 300 GPM @ 8 Bar with Jockey Pump, Common Controller DOL Starter and Standard Accessories, Excel Series, Standard Approved, LIFECO-UK,Model 300 EDJ-8 | F36: =H36/3.675 -> 12993.439 | H36: 47750.888
A37: LIFECO-UK | B37: LF-PMPSTDHES029 | C37: 090008200004 | D37: LIFECO-UK Fire Pump Set, Electrical Motor and Diesel Engine Driven, Horizontal End Suction Type, Capacity 300 GPM @ 9 Bar with Jockey Pump, Common Controller DOL Starter and Standard Accessories, Excel Series, Standard Approved, LIFECO-UK,Model 300 EDJ-9 | F37: =H37/3.675 -> 12993.439 | H37: 47750.888
A38: LIFECO-UK | B38: LF-PMPSTDHES030 | C38: 102002200072 | D38: LIFECO-UK Fire Pump Set, Electrical Motor and Diesel Engine Driven, Horizontal End Suction Type, Capacity 300 GPM @ 10 Bar with Jockey Pump, Common Controller DOL Starter and Standard Accessories, Excel Series, Standard Approved, LIFECO-UK,Model 300 EDJ-10 | F38: =H38/3.675 -> 15569.231 | H38: 57216.923
D39: 350 GPM Models
A40: LIFECO-UK | B40: LF-PMPSTDHES031 | C40: 235003200029 | D40: LIFECO-UK Fire Pump Set, Electrical Motor and Diesel Engine Driven, Horizontal End Suction Type, Capacity 350 GPM @ 6 Bar with Jockey Pump, Common Controller DOL Starter and Standard Accessories, Excel Series, Standard Approved, LIFECO-UK,Model 350 EDJ-6 | F40: =H40/3.675 -> 12219.557 | H40: 44906.87
A41: LIFECO-UK | B41: LF-PMPSTDHES032 | C41: 047017200119 | D41: LIFECO-UK Fire Pump Set, Electrical Motor and Diesel Engine Driven, Horizontal End Suction Type, Capacity 350 GPM @ 7 Bar with Jockey Pump, Common Controller DOL Starter and Standard Accessories, Excel Series, Standard Approved, LIFECO-UK,Model 350 EDJ-7 | F41: =H41/3.675 -> 12928.567 | H41: 47512.484
A42: LIFECO-UK | B42: LF-PMPSTDHES033 | C42: 047017200178 | D42: LIFECO-UK Fire Pump Set, Electrical Motor and Diesel Engine Driven, Horizontal End Suction Type, Capacity 350 GPM @ 8 Bar with Jockey Pump, Common Controller DOL Starter and Standard Accessories, Excel Series, Standard Approved, LIFECO-UK,Model 350 EDJ-8 | F42: =H42/3.675 -> 12993.439 | H42: 47750.888
A43: LIFECO-UK | B43: LF-PMPSTDHES034 | C43: 235003200019 | D43: LIFECO-UK Fire Pump Set, Electrical Motor and Diesel Engine Driven, Horizontal End Suction Type, Capacity 350 GPM @ 9 Bar with Jockey Pump, Common Controller DOL Starter and Standard Accessories, Excel Series, Standard Approved, LIFECO-UK,Model 350 EDJ-9 | F43: =H43/3.675 -> 15042.624 | H43: 55281.645
A44: LIFECO-UK | B44: LF-PMPSTDHES035 | C44: 126064200072 | D44: LIFECO-UK Fire Pump Set, Electrical Motor and Diesel Engine Driven, Horizontal End Suction Type, Capacity 350 GPM @ 10 Bar with Jockey Pump, Common Controller DOL Starter and Standard Accessories, Excel Series, Standard Approved, LIFECO-UK,Model 350 EDJ-10 | F44: =H44/3.675 -> 17168.13 | H44: 63092.877
D45: 400 GPM Models
A46: LIFECO-UK | B46: LF-PMPSTDHES036 | C46: 235003200022 | D46: LIFECO-UK Fire Pump Set, Electrical Motor and Diesel Engine Driven, Horizontal End Suction Type, Capacity 400 GPM @ 6 Bar with Jockey Pump, Common Controller DOL Starter and Standard Accessories, Excel Series, Standard Approved, LIFECO-UK,Model 400 EDJ-6 | F46: =H46/3.675 -> 14455.725 | H46: 53124.791
A47: LIFECO-UK | B47: LF-PMPSTDHES037 | C47: 047017900034 | D47: LIFECO-UK Fire Pump Set, Electrical Motor and Diesel Engine Driven, Horizontal End Suction Type, Capacity 400 GPM @ 7 Bar with Jockey Pump, Common Controller DOL Starter and Standard Accessories, Excel Series, Standard Approved, LIFECO-UK,Model 400 EDJ-7 | F47: =H47/3.675 -> 15344.851 | H47: 56392.326
A48: LIFECO-UK | B48: LF-PMPSTDHES038 | C48: 047017200122 | D48: LIFECO-UK Fire Pump Set, Electrical Motor and Diesel Engine Driven, Horizontal End Suction Type, Capacity 400 GPM @ 8 Bar with Jockey Pump, Common Controller DOL Starter and Standard Accessories, Excel Series, Standard Approved, LIFECO-UK,Model 400 EDJ-8 | F48: =H48/3.675 -> 15740.95 | H48: 57847.992
A49: LIFECO-UK | B49: LF-PMPSTDHES039 | C49: 047013200002 | D49: LIFECO-UK Fire Pump Set, Electrical Motor Driven, Horizontal End Suction Type, Capacity 400 GPM at 8Bar with Jockey Pump, Controller DOL and Standard Accessories, Excel Series, Standard Approved, LIFECO-UK, Model 400 EJ-8 | F49: =H49/3.675 -> 9219.4268 | H49: 33881.394
A50: LIFECO-UK | B50: LF-PMPSTDHES040 | C50: 102002200016 | D50: LIFECO-UK Fire Pump Set, Electrical Motor and Diesel Engine Driven, Horizontal End Suction Type, Capacity 400 GPM @ 9 Bar with Jockey Pump, Common Controller DOL Starter and Standard Accessories, Excel Series, Standard Approved, LIFECO-UK,Model 400 EDJ-9 | F50: =H50/3.675 -> 15740.95 | H50: 57847.992
A51: LIFECO-UK | B51: LF-PMPSTDHES041 | C51: 047017200229 | D51: LIFECO-UK Fire Pump Set, Electrical Motor and Diesel Engine Driven, Horizontal End Suction Type, Capacity 400 GPM @ 10 Bar with Jockey Pump, Common Controller DOL Starter and Standard Accessories, Excel Series, Standard Approved, LIFECO-UK,Model 400 EDJ-10 | F51: =H51/3.675 -> 19031.858 | H51: 69942.079
D52: 500 GPM Models
A53: LIFECO-UK | B53: LF-PMPSTDHES042 | C53: 047017200030 | D53: LIFECO-UK Fire Pump Set, Electrical Motor and Diesel Engine Driven, Horizontal End Suction Type, Capacity 500 GPM @ 6 Bar with Jockey Pump, Common Controller DOL Starter and Standard Accessories, Excel Series, Standard Approved, LIFECO-UK,Model 500 EDJ-6 | F53: =H53/3.675 -> 15431.855 | H53: 56712.068
A54: LIFECO-UK | B54: LF-PMPSTDHES043 | C54: 047019200014 | D54: LIFECO-UK Fire Pump Set, Diesel Engine Driven, Horizontal End Suction Type, Capacity 500 GPM at 6 Bar with Jockey Pump, 100Liter Pressure Tank and Standard Accessories c/w DOL Controller Excel Series, Standard Approved, LIFECO-UK,Model 500 DJPT-6 | F54: =H54/3.675 -> 10677.134 | H54: 39238.468
A55: LIFECO-UK | B55: LF-PMPSTDHES044 | C55: 047017200182 | D55: LIFECO-UK Fire Pump Set, Electrical Motor and Diesel Engine Driven, Horizontal End Suction Type, Capacity 500 GPM @ 7 Bar with Jockey Pump, Common Controller DOL Starter and Standard Accessories, Excel Series, Standard Approved, LIFECO-UK,Model 500 EDJ-7 | F55: =H55/3.675 -> 15431.855 | H55: 56712.068
A56: LIFECO-UK | B56: LF-PMPSTDHES045 | C56: 235005200002 | D56: LIFECO-UK Fire Pump Set, Electrical Motor Driven, Horizontal End Suction Type, Capacity 500 GPM @ 7 Bar with Jockey Pump, Common Controller DOL Starter and Standard Accessories, Excel Series, Standard Approved, LIFECO-UK,Model 500 EJ-7 | F56: =H56/3.675 -> 8967.5716 | H56: 32955.826
A57: LIFECO-UK | B57: LF-PMPSTDHES046 | C57: 047017200158 | D57: LIFECO-UK Fire Pump Set, Electrical Motor and Diesel Engine Driven, Horizontal End Suction Type, Capacity 500 GPM @ 8 Bar with Jockey Pump, Common Controller DOL Starter and Standard Accessories, Excel Series, Standard Approved, LIFECO-UK,Model 500 EDJ-8 | F57: =H57/3.675 -> 17137.602 | H57: 62980.687
A58: LIFECO-UK | B58: LF-PMPSTDHES047 | C58: 105006200026 | D58: LIFECO-UK Fire Pump Set, Electrical Motor Driven, Horizontal End Suction Type, Capacity 500 GPM @ 8 Bar with Jockey Pump, Common Controller DOL Starter and Standard Accessories, Excel Series, Standard Approved, LIFECO-UK,Model 500 EJ-8 | F58: =H58/3.675 -> 11166.106 | H58: 41035.441
A59: LIFECO-UK | B59: LF-PMPSTDHES048 | C59: 102013200006 | D59: LIFECO-UK Fire Pump Set, Diesel Engine Driven, Horizontal End Suction Type, Capacity 500 GPM @ 8 Bar with Jockey Pump, Common Controller DOL Starter and Standard Accessories, Excel Series, Standard Approved, LIFECO-UK,Model 500 DJ-8 | F59: =H59/3.675 -> 10829.774 | H59: 39799.419
A60: LIFECO-UK | B60: LF-PMPSTDHES049 | C60: 126064200073 | D60: LIFECO-UK Fire Pump Set, Electrical Motor and Diesel Engine Driven, Horizontal End Suction Type, Capacity 500 GPM @ 9 Bar with Jockey Pump, Common Controller DOL Starter and Standard Accessories, Excel Series, Standard Approved, LIFECO-UK,Model 500 EDJ-9 | F60: =H60/3.675 -> 19303.872 | H60: 70941.731
A61: LIFECO-UK | B61: LF-PMPSTDHES050 | C61: 047017200123 | D61: LIFECO-UK Fire Pump Set, Electrical Motor and Diesel Engine Driven, Horizontal End Suction Type, Capacity 500 GPM @ 10 Bar with Jockey Pump, Common Controller (Electric-Star Delta & Jockey-DOL Starter) and Standard Accessories, Excel Series, Standard Approved, LIFECO-UK,Model 500 EDJ-10 | F61: =H61/3.675 -> 22537.225 | H61: 82824.301
A62: LIFECO-UK | B62: LF-PMPSTDHES051 | C62: 047017200124 | D62: LIFECO-UK Fire Pump Set, Electrical Motor and Diesel Engine Driven, Horizontal End Suction Type, Capacity 500 GPM @ 11 Bar with Jockey Pump, Common Controller (Electric-Star Delta & Jockey-DOL Starter) and Standard Accessories, Excel Series, Standard Approved, LIFECO-UK,Model 500 EDJ-11 | F62: =H62/3.675 -> 22736.419 | H62: 83556.341
A63: LIFECO-UK | B63: LF-PMPSTDHES052 | C63: 047017200125 | D63: LIFECO-UK Fire Pump Set, Electrical Motor and Diesel Engine Driven, Horizontal End Suction Type, Capacity 500 GPM @ 12 Bar with Jockey Pump, Common Controller (Electric-Star Delta & Jockey-DOL Starter) and Standard Accessories, Excel Series, Standard Approved, LIFECO-UK,Model 500 EDJ-12 | F63: =H63/3.675 -> 24693.258 | H63: 90747.723
A64: LIFECO-UK | B64: LF-PMPSTDHES053 | C64: 047017900017 | D64: LIFECO-UK Fire Pump Set, Electrical Motor and Diesel Engine Driven, Horizontal End Suction Type, Capacity 500 GPM @ 13 Bar with Jockey Pump, Common Controller (Electric-Star Delta & Jockey-DOL Starter) and Standard Accessories, Excel Series, Standard Approved, LIFECO-UK,Model 500 EDJ-13 | F64: =H64/3.675 -> 27833.816 | H64: 102289.27
D65: 750 GPM Models
A66: LIFECO-UK | B66: LF-PMPSTDHES054 | C66: 047017200135 | D66: LIFECO-UK Fire Pump Set, Electrical Motor and Diesel Engine Driven, Horizontal End Suction Type, Capacity 750 GPM @ 7 Bar with Jockey Pump, Common Controller (Electric-Star Delta & Jockey-DOL Starter) and Standard Accessories, Excel Series, Standard Approved, LIFECO-UK,Model 750 EDJ-7 | F66: =H66/3.675 -> 21466.415 | H66: 78889.076
A67: LIFECO-UK | B67: LF-PMPSTDHES055 | C67: 126064200074 | D67: LIFECO-UK Fire Pump Set, Electrical Motor Driven, Horizontal End Suction Type, Capacity 750 GPM @ 7 Bar with Jockey Pump, Common Controller (Electric-Star Delta & Jockey-DOL Starter) and Standard Accessories, Excel Series, Standard Approved, LIFECO-UK,Model 750 EJ-7 | F67: =H67/3.675 -> 12146.754 | H67: 44639.319
A68: LIFECO-UK | B68: LF-PMPSTDHES056 | C68: 047020200013 | D68: LIFECO-UK Fire Pump Set, Diesel Engine Driven, Horizontal End Suction Type, Capacity 750 GPM @ 7 Bar with Jockey Pump, Common Controller DOL Starter and Standard Accessories, Excel Series, Standard Approved, LIFECO-UK,Model 750 DJ-7 | F68: =H68/3.675 -> 12043.258 | H68: 44258.973
A69: LIFECO-UK | B69: LF-PMPSTDHES057 | C69: 047017200136 | D69: LIFECO-UK Fire Pump Set, Electrical Motor and Diesel Engine Driven, Horizontal End Suction Type, Capacity 750 GPM @ 8 Bar with Jockey Pump, Common Controller (Electric-Star Delta & Jockey-DOL Starter) and Standard Accessories, Excel Series, Standard Approved, LIFECO-UK,Model 750 EDJ-8 | F69: =H69/3.675 -> 22084.26 | H69: 81159.657
A70: LIFECO-UK | B70: LF-PMPSTDHES058 | C70: 047020200014 | D70: LIFECO-UK Fire Pump Set, Diesel Engine Driven, Horizontal End Suction Type, Capacity 750 GPM @ 8 Bar with Jockey Pump, Common Controller DOL Starter and Standard Accessories, Excel Series, Standard Approved, LIFECO-UK,Model 750 DJ-8 | F70: =H70/3.675 -> 14553.216 | H70: 53483.067
A71: LIFECO-UK | B71: LF-PMPSTDHES059 | C71: 047017200137 | D71: LIFECO-UK Fire Pump Set, Electrical Motor and Diesel Engine Driven, Horizontal End Suction Type, Capacity 750 GPM @ 9 Bar with Jockey Pump, Common Controller (Electric-Star Delta & Jockey-DOL Starter) and Standard Accessories, Excel Series, Standard Approved, LIFECO-UK,Model 750 EDJ-9 | F71: =H71/3.675 -> 22700.192 | H71: 83423.207
A72: LIFECO-UK | B72: LF-PMPSTDHES060 | C72: 047020200024 | D72: LIFECO-UK Fire Pump Set, Diesel Engine Driven, Horizontal End Suction Type, Capacity 750 GPM at 9 Bar with Jockey Pump, Controller and Standard Accessories Excel Series, Standard Approved, LIFECO-UK, Model 750 DJ-9 | F72: =H72/3.675 -> 15327.17 | H72: 56327.349
A73: LIFECO-UK | B73: LF-PMPSTDHES061 | C73: 047017200131 | D73: LIFECO-UK Fire Pump Set, Electrical Motor and Diesel Engine Driven, Horizontal End Suction Type, Capacity 750 GPM @ 10 Bar with Jockey Pump, Common Controller (Electric-Star Delta & Jockey-DOL Starter) and Standard Accessories, Excel Series, Standard Approved, LIFECO-UK,Model 750 EDJ-10 | F73: =H73/3.675 -> 27772.76 | H73: 102064.89
A74: LIFECO-UK | B74: LF-PMPSTDHES062 | C74: 047020200025 | D74: LIFECO-UK Fire Pump Set, Diesel Engine Driven, Horizontal End Suction Type, Capacity 750 GPM at 10 Bar with Jockey Pump with Controller and Standard Accessories Excel Series, Standard Approved, LIFECO-UK,Model 750 DJ-10 | F74: =H74/3.675 -> 18171.735 | H74: 66781.124
A75: LIFECO-UK | B75: LF-PMPSTDHES063 | C75: 047013200022 | D75: LIFECO-UK Fire Pump Set, Electrical Motor Driven, Horizontal End Suction Type, Capacity 750 GPM at 10 Bar with Jockey Pump, Controller Star Delta and Standard Accessories Excel Series, Standard Approved, LIFECO-UK,Model 750 EJ-10 | F75: =H75/3.675 -> 14100.075 | H75: 51817.777
A76: LIFECO-UK | B76: LF-PMPSTDHES064 | C76: 102002200084 | D76: LIFECO-UK Fire Pump Set, Electrical Motor and Diesel Engine Driven, Horizontal End Suction Type, Capacity 750 GPM @ 11 Bar with Jockey Pump, Common Controller (Electric-Star Delta & Jockey-DOL Starter) and Standard Accessories, Excel Series, Standard Approved, LIFECO-UK,Model 750 EDJ-11 | F76: =H76/3.675 -> 27772.76 | H76: 102064.89
A77: LIFECO-UK | B77: LF-PMPSTDHES065 | C77: 047017200132 | D77: LIFECO-UK Fire Pump Set, Electrical Motor and Diesel Engine Driven, Horizontal End Suction Type, Capacity 750 GPM @ 12 Bar with Jockey Pump, Common Controller (Electric-Star Delta & Jockey-DOL Starter) and Standard Accessories, Excel Series, Standard Approved, LIFECO-UK,Model 750 EDJ-12 | F77: =H77/3.675 -> 31165.173 | H77: 114532.01
A78: LIFECO-UK | B78: LF-PMPSTDHES066 | C78: 047017900052 | D78: LIFECO-UK Fire Pump Set, Electrical Motor and Diesel Engine Driven, Horizontal End Suction Type, Capacity 750 GPM @ 13 Bar with Jockey Pump, Common Controller (Electric-Star Delta & Jockey-DOL Starter) and Standard Accessories, Excel Series, Standard Approved, LIFECO-UK,Model 750 EDJ-13 | F78: =H78/3.675 -> 31165.173 | H78: 114532.01
D79: 1000 GPM Models
A80: LIFECO-UK | B80: LF-PMPSTDHES067 | C80: 047017200095 | D80: LIFECO-UK Fire Pump Set, Electrical Motor and Diesel Engine Driven, Horizontal End Suction Type, Capacity 1000 GPM @ 7 Bar with Jockey Pump, Common Controller (Electric-Star Delta & Jockey-DOL Starter) and Standard Accessories, Excel Series, Standard Approved, LIFECO-UK,Model 1000 EDJ-7 | F80: =H80/3.675 -> 24477.273 | H80: 89953.978
A81: LIFECO-UK | B81: LF-PMPSTDHES068 | C81: 047017200096 | D81: LIFECO-UK Fire Pump Set, Electrical Motor and Diesel Engine Driven, Horizontal End Suction Type, Capacity 1000 GPM @ 8 Bar with Jockey Pump, Common Controller (Electric-Star Delta & Jockey-DOL Starter) and Standard Accessories, Excel Series, Standard Approved, LIFECO-UK,Model 1000 EDJ-8 | F81: =H81/3.675 -> 28085.671 | H81: 103214.84
A82: LIFECO-UK | B82: LF-PMPSTDHES069 | C82: 102002200011 | D82: LIFECO-UK Fire Pump Set, Electrical Motor and Diesel Engine Driven, Horizontal End Suction Type, Capacity 1000 GPM @ 9 Bar with Jockey Pump, Common Controller (Electric-Star Delta & Jockey-DOL Starter) and Standard Accessories, Excel Series, Standard Approved, LIFECO-UK,Model 1000 EDJ-9 | F82: =H82/3.675 -> 31091.143 | H82: 114259.95
A83: LIFECO-UK | B83: LF-PMPSTDHES070 | C83: 047017200090 | D83: LIFECO-UK Fire Pump Set, Electrical Motor and Diesel Engine Driven, Horizontal End Suction Type, Capacity 1000 GPM @ 10 Bar with Jockey Pump, Common Controller (Electric-Star Delta & Jockey-DOL Starter) and Standard Accessories, Excel Series, Standard Approved, LIFECO-UK,Model 1000 EDJ-10 | F83: =H83/3.675 -> 32397.738 | H83: 119061.69
A84: LIFECO-UK | B84: LF-PMPSTDHES071 | C84: 235003200059 | D84: LIFECO-UK Fire Pump Set, Electrical Motor and Diesel Engine Driven, Horizontal End Suction Type, Capacity 1000 GPM @ 11 Bar with Jockey Pump, Common Controller (Electric-Star Delta & Jockey-DOL Starter) and Standard Accessories, Excel Series, Standard Approved, LIFECO-UK,Model 1000 EDJ-11 | F84: =H84/3.675 -> 35980.95 | H84: 132229.99
A85: LIFECO-UK | B85: LF-PMPSTDHES072 | C85: 126064200075 | D85: LIFECO-UK Fire Pump Set, Electrical Motor and Diesel Engine Driven, Horizontal End Suction Type, Capacity 1000 GPM @ 12 Bar with Jockey Pump, Common Controller (Electric-Star Delta & Jockey-DOL Starter) and Standard Accessories, Excel Series, Standard Approved, LIFECO-UK,Model 1000 EDJ-12 | F85: =H85/3.675 -> 36032.848 | H85: 132420.72
A86: LIFECO-UK | B86: LF-PMPSTDHES073 | C86: 126064200076 | D86: LIFECO-UK Fire Pump Set, Electrical Motor and Diesel Engine Driven, Horizontal End Suction Type, Capacity 1000 GPM @ 13 Bar with Jockey Pump, Common Controller (Electric-Star Delta & Jockey-DOL Starter) and Standard Accessories, Excel Series, Standard Approved, LIFECO-UK,Model 1000 EDJ-13 | F86: =H86/3.675 -> 36881.523 | H86: 135539.6
D87: 1250 GPM Models
A88: LIFECO-UK | B88: LF-PMPSTDHES074 | C88: 047017200103 | D88: LIFECO-UK Fire Pump Set, Electrical Motor and Diesel Engine Driven, Horizontal End Suction Type, Capacity 1250 GPM @ 7 Bar with Jockey Pump, Common Controller (Electric-Star Delta & Jockey-DOL Starter) and Standard Accessories, Excel Series, Standard Approved, LIFECO-UK,Model 1250 EDJ-7 | F88: =H88/3.675 -> 28720.652 | H88: 105548.39
A89: LIFECO-UK | B89: LF-PMPSTDHES075 | C89: 235003200035 | D89: LIFECO-UK Fire Pump Set, Electrical Motor and Diesel Engine Driven, Horizontal End Suction Type, Capacity 1250 GPM @ 8 Bar with Jockey Pump, Common Controller (Electric-Star Delta & Jockey-DOL Starter) and Standard Accessories, Excel Series, Standard Approved, LIFECO-UK,Model 1250 EDJ-8 | F89: =H89/3.675 -> 32135.198 | H89: 118096.85
A90: LIFECO-UK | B90: LF-PMPSTDHES076 | C90: 047017200098 | D90: LIFECO-UK Fire Pump Set, Electrical Motor and Diesel Engine Driven, Horizontal End Suction Type, Capacity 1250 GPM @ 9 Bar with Jockey Pump, Common Controller (Electric-Star Delta & Jockey-DOL Starter) and Standard Accessories, Excel Series, Standard Approved, LIFECO-UK,Model 1250 EDJ-9 | F90: =H90/3.675 -> 37089.876 | H90: 136305.3
A91: LIFECO-UK | B91: LF-PMPSTDHES077 | C91: 235003200061 | D91: LIFECO-UK Fire Pump Set, Electrical Motor and Diesel Engine Driven, Horizontal End Suction Type, Capacity 1250 GPM @ 10 Bar with Jockey Pump, Common Controller (Electric-Star Delta & Jockey-DOL Starter) and Standard Accessories, Excel Series, Standard Approved, LIFECO-UK,Model 1250 EDJ-10 | F91: =H91/3.675 -> 48344.751 | H91: 177666.96
A92: LIFECO-UK | B92: LF-PMPSTDHES078 | C92: 102002200017 | D92: LIFECO-UK Fire Pump Set, Electrical Motor and Diesel Engine Driven, Horizontal End Suction Type, Capacity 1250 GPM @ 11 Bar with Jockey Pump, Common Controller (Electric-Star Delta & Jockey-DOL Starter) and Standard Accessories, Excel Series, Standard Approved, LIFECO-UK,Model 1250 EDJ-11 | F92: =H92/3.675 -> 48401.991 | H92: 177877.32
A93: LIFECO-UK | B93: LF-PMPSTDHES079 | C93: 047017200099 | D93: LIFECO-UK Fire Pump Set, Electrical Motor and Diesel Engine Driven, Horizontal End Suction Type, Capacity 1250 GPM @ 12 Bar with Jockey Pump, Common Controller (Electric-Star Delta & Jockey-DOL Starter) and Standard Accessories, Excel Series, Standard Approved, LIFECO-UK,Model 1250 EDJ-12 | F93: =H93/3.675 -> 51274.013 | H93: 188432
D94: 1500 GPM Models
A95: LIFECO-UK | B95: LF-PMPSTDHES080 | C95: 235003200062 | D95: LIFECO-UK Fire Pump Set, Electrical Motor and Diesel Engine Driven, Horizontal End Suction Type, Capacity 1500 GPM @ 7 Bar with Jockey Pump, Common Controller (Electric-Star Delta & Jockey-DOL Starter) and Standard Accessories, Excel Series, Standard Approved, LIFECO-UK,Model 1500 EDJ-7 | F95: =H95/3.675 -> 37709.593 | H95: 138582.75
A96: LIFECO-UK | B96: LF-PMPSTDHES081 | C96: 235003200063 | D96: LIFECO-UK Fire Pump Set, Electrical Motor and Diesel Engine Driven, Horizontal End Suction Type, Capacity 1500 GPM @ 8 Bar with Jockey Pump, Common Controller (Electric-Star Delta & Jockey-DOL Starter) and Standard Accessories, Excel Series, Standard Approved, LIFECO-UK,Model 1500 EDJ-8 | F96: =H96/3.675 -> 41363.783 | H96: 152011.9
A97: LIFECO-UK | B97: LF-PMPSTDHES082 | C97: 235003200064 | D97: LIFECO-UK Fire Pump Set, Electrical Motor and Diesel Engine Driven, Horizontal End Suction Type, Capacity 1500 GPM @ 9 Bar with Jockey Pump, Common Controller (Electric-Star Delta & Jockey-DOL Starter) and Standard Accessories, Excel Series, Standard Approved, LIFECO-UK,Model 1500 EDJ-9 | F97: =H97/3.675 -> 43099.294 | H97: 158389.91
A98: LIFECO-UK | B98: LF-PMPSTDHES083 | C98: 235003200065 | D98: LIFECO-UK Fire Pump Set, Electrical Motor and Diesel Engine Driven, Horizontal End Suction Type, Capacity 1500 GPM @ 10 Bar with Jockey Pump, Common Controller (Electric-Star Delta & Jockey-DOL Starter) and Standard Accessories, Excel Series, Standard Approved, LIFECO-UK,Model 1500 EDJ-10 | F98: =H98/3.675 -> 54675.475 | H98: 200932.37

Sheet UL Electric Split Case 50Hz
A1: UL Electric Split Case 50Hz
A2: Item of | B2: LIFECO-UK Item Code | C2: Supplier Item Code | D2: Description | F2: LIFECO-UK GP (USD) | H2: LIFECO-UK GP (AED)
A3: LIFECO-UK | C3: 231007200579 | D3: LIFECO-UK-UL Listed Split Case (GMS 150-28SM) Electric Motor Driven Skid Pump 150 GPM @ 6.96 Bar Coupled with UL Listed ODP Motor 2900 RPM. Suction and Discharge Pressure Gauges, Air Release Valve and Casing Relief Valve are included. | F3: 10906.571 | H3: =F3*3.675 -> 40081.647
A4: LIFECO-UK | C4: 231007200580 | D4: LIFECO-UK-UL Listed Split Case (GMS 150-28SM) Electric Motor Driven Skid Pump 150 GPM @ 8 Bar Coupled with UL Listed ODP Motor. Suction and Discharge Pressure Gauges, Air Release Valve and Casing Relief Valve are included. | F4: 11636.378 | H4: =F4*3.675 -> 42763.69
A5: LIFECO-UK | C5: 231007200581 | D5: LIFECO-UK-UL Listed Split Case (GMS 150-28SM) Electric Motor Driven Skid Pump 150 GPM @ 9 Bar Coupled with UL Listed ODP Motor. Suction and Discharge Pressure Gauges, Air Release Valve and Casing Relief Valve are included. | F5: 11636.378 | H5: =F5*3.675 -> 42763.69
A6: LIFECO-UK | C6: 231007200582 | D6: LIFECO-UK-UL Listed Split Case (GMS 150-28SM) Electric Motor Driven Skid Pump 150 GPM @ 10 Bar Coupled with UL Listed ODP Motor. Suction and Discharge Pressure Gauges, Air Release Valve and Casing Relief Valve are included. | F6: 12851.363 | H6: =F6*3.675 -> 47228.761
A7: LIFECO-UK | C7: 231007200583 | D7: LIFECO-UK-UL Listed Split Case (GMS 150-28SM) Electric Motor Driven Skid Pump 150 GPM @ 11 Bar Coupled with UL Listed ODP Motor. Suction and Discharge Pressure Gauges, Air Release Valve and Casing Relief Valve are included. | F7: 13594.696 | H7: =F7*3.675 -> 49960.506
A8: LIFECO-UK | C8: 231007200584 | D8: LIFECO-UK-UL Listed Split Case (GMS 150-35SM) Electric Motor Driven Skid Pump 150 GPM @ 12 Bar Coupled with UL Listed ODP Motor. Suction and Discharge Pressure Gauges, Air Release Valve and Casing Relief Valve are included. | F8: 15082.692 | H8: =F8*3.675 -> 55428.894
A9: LIFECO-UK | C9: 231007200585 | D9: LIFECO-UK-UL Listed Split Case (GMS 150-35SM) Electric Motor Driven Skid Pump 150 GPM @ 13 Bar Coupled with UL Listed ODP Motor. Suction and Discharge Pressure Gauges, Air Release Valve and Casing Relief Valve are included. | F9: 16055.769 | H9: =F9*3.675 -> 59004.952
A10: LIFECO-UK | C10: 231007200586 | D10: LIFECO-UK-UL Listed Split Case (GMS 150-35SM) Electric Motor Driven Skid Pump 150 GPM @ 14 Bar Coupled with UL Listed ODP Motor. Suction and Discharge Pressure Gauges, Air Release Valve and Casing Relief Valve are included. | F10: 16217.949 | H10: =F10*3.675 -> 59600.962
A11: LIFECO-UK | C11: 231007200587 | D11: LIFECO-UK-UL Listed Split Case (GMS 150-40SM) Electric Motor Driven Skid Pump 150 GPM @ 15 Bar Coupled with UL Listed ODP Motor. Suction and Discharge Pressure Gauges, Air Release Valve and Casing Relief Valve are included. | F11: 24245.833 | H11: =F11*3.675 -> 89103.437
A12: LIFECO-UK | C12: 231007200588 | D12: LIFECO-UK-UL Listed Split Case (GMS 150-40SM) Electric Motor Driven Skid Pump 150 GPM @ 16 Bar Coupled with UL Listed ODP Motor. Suction and Discharge Pressure Gauges, Air Release Valve and Casing Relief Valve are included. | F12: 24245.833 | H12: =F12*3.675 -> 89103.437
A13: LIFECO-UK | C13: 231007200589 | D13: LIFECO-UK-UL Listed Split Case (GMS 150-40SM) Electric Motor Driven Skid Pump 150 GPM @ 17 Bar Coupled with UL Listed ODP Motor. Suction and Discharge Pressure Gauges, Air Release Valve and Casing Relief Valve are included. | F13: 28057.051 | H13: =F13*3.675 -> 103109.66
A14: LIFECO-UK | C14: 231007200590 | D14: LIFECO-UK-UL Listed Split Case (GMS 150-40SM) Electric Motor Driven Skid Pump 150 GPM @ 18 Bar Coupled with UL Listed ODP Motor. Suction and Discharge Pressure Gauges, Air Release Valve and Casing Relief Valve are included. | F14: 28057.051 | H14: =F14*3.675 -> 103109.66
... A199: LIFECO-UK | C199: 231007200771 | D199: LIFECO-UK-UL Listed Split Case (GMS 3500-61SL5-2G) Electric Motor Driven Skid Pump 3500 GPM @ 10.2 Bar Coupled with UL Listed ODP Motor. Suction and Discharge Pressure Gauges, Air Release Valve and Casing Relief Valve are included. | F199: 81657.372 | H199: =F199*3.675 -> 300090.84

Sheet UL Diesel Split case
A1: UL Diesel Split case
A2: Item of | B2: LIFECO-UK Item Code | C2: Supplier Item Code | D2: Description | F2: LIFECO-UK GP (USD) | H2: LIFECO-UK GP (AED)
A3: LIFECO-UK | C3: 231007200772 | D3: LIFECO-UK-UL Listed Split Case (GMS 150-28SM) Engine Driven Skid Pump 150 GPM @ 6.96 Bar Coupled with UL Listed Stallion Engine. Suction and Discharge Pressure Gauges and Air Release Valve are included. | F3: 20126.474 | H3: =F3*3.675 -> 73964.793
A4: LIFECO-UK | C4: 231007200773 | D4: LIFECO-UK-UL Listed Split Case (GMS 150-28SM) Engine Driven Skid Pump 150 GPM @ 8 Bar Coupled with UL Listed Stallion Engine. Suction and Discharge Pressure Gauges and Air Release Valve are included. | F4: 20778.186 | H4: =F4*3.675 -> 76359.832
A5: LIFECO-UK | C5: 231007200774 | D5: LIFECO-UK-UL Listed Split Case (GMS 150-28SM) Engine Driven Skid Pump 150 GPM @ 9 Bar Coupled with UL Listed Stallion Engine. Suction and Discharge Pressure Gauges and Air Release Valve are included. | F5: 20853.853 | H5: =F5*3.675 -> 76637.909
A6: LIFECO-UK | C6: 231007200775 | D6: LIFECO-UK-UL Listed Split Case (GMS 150-28SM) Engine Driven Skid Pump 150 GPM @ 10 Bar Coupled with UL Listed Stallion Engine. Suction and Discharge Pressure Gauges and Air Release Valve are included. | F6: 20929.52 | H6: =F6*3.675 -> 76915.987
A7: LIFECO-UK | C7: 126064200078 | D7: LIFECO-UK-UL Listed Split Case (GMS 150-28SM) Engine Driven Skid Pump 150 GPM @ 11 Bar Coupled with FM Listed Stallion Engine. Suction and Discharge Pressure Gauges and Air Release Valve are included. | F7: 21232.189 | H7: =F7*3.675 -> 78028.296
A8: LIFECO-UK | C8: 231007200777 | D8: LIFECO-UK-UL Listed Split Case (GMS 150-35SM) Engine Driven Skid Pump 150 GPM @ 12 Bar Coupled with UL Listed Stallion Engine. Suction and Discharge Pressure Gauges and Air Release Valve are included. | F8: 22442.866 | H8: =F8*3.675 -> 82477.534
A9: LIFECO-UK | C9: 231007200778 | D9: LIFECO-UK-UL Listed Split Case (GMS 150-35SM) Engine Driven Skid Pump 150 GPM @ 13 Bar Coupled with UL Listed Stallion Engine. Suction and Discharge Pressure Gauges and Air Release Valve are included. | F9: 29840.532 | H9: =F9*3.675 -> 109663.96
A10: LIFECO-UK | C10: 231007200779 | D10: LIFECO-UK-UL Listed Split Case (GMS 150-35SM) Engine Driven Skid Pump 150 GPM @ 14 Bar Coupled with UL Listed Stallion Engine. Suction and Discharge Pressure Gauges and Air Release Valve are included. | F10: 30143.201 | H10: =F10*3.675 -> 110776.26
A11: LIFECO-UK | C11: 231007200780 | D11: LIFECO-UK-UL Listed Split Case (GMS 150-40SM) Engine Driven Skid Pump 150 GPM @ 15 Bar Coupled with UL Listed Stallion Engine. Suction and Discharge Pressure Gauges and Air Release Valve are included. | F11: 40707.051 | H11: =F11*3.675 -> 149598.41
A12: LIFECO-UK | C12: 231007200781 | D12: LIFECO-UK-UL Listed Split Case (GMS 150-40SM) Engine Driven Skid Pump 150 GPM @ 16 Bar Coupled with UL Listed Stallion Engine. Suction and Discharge Pressure Gauges and Air Release Valve are included. | F12: 40707.051 | H12: =F12*3.675 -> 149598.41
A13: LIFECO-UK | C13: 231007200782 | D13: LIFECO-UK-UL Listed Split Case (GMS 150-40SM) Engine Driven Skid Pump 150 GPM @ 17 Bar Coupled with UL Listed Stallion Engine. Suction and Discharge Pressure Gauges and Air Release Valve are included. | F13: 40707.051 | H13: =F13*3.675 -> 149598.41
A14: LIFECO-UK | C14: 231007200783 | D14: LIFECO-UK-UL Listed Split Case (GMS 150-40SM) Engine Driven Skid Pump 150 GPM @ 18 Bar Coupled with UL Listed Stallion Engine. Suction and Discharge Pressure Gauges and Air Release Valve are included. | F14: 42085.577 | H14: =F14*3.675 -> 154664.5
... A197: LIFECO-UK | C197: 231004200119 | D197: LIFECO-UK-UL Listed Split Case (GMS 3500-61SL6-2G) Engine Driven Skid Pump 3500 GPM @ 10.76 Bar Coupled with UL Listed Stallion Engine. Suction and Discharge Pressure Gauges and Air Release Valve are included. | F197: 78900.321 | H197: =F197*3.675 -> 289958.68

Sheet UL Electric Split Case 60Hz
A1: UL Electric Split Case 60Hz
A2: Item of | B2: LIFECO-UK Item Code | C2: Supplier Item Code | D2: Description | F2: LIFECO-UK GP (USD) | H2: LIFECO-UK GP (AED)
A3: LIFECO-UK | C3: 231007201254 | D3: LIFECO-UK-UL Listed Split Case (GMS 150-25SH) Electric Motor Driven Skid Pump 150 GPM @ 7.86 Bar Coupled with UL Listed ODP Motor. Suction and Discharge Pressure Gauges, Air Release Valve and Casing Relief Valve are included. | F3: 12851.363 | H3: =F3*3.675 -> 47228.761
A4: LIFECO-UK | C4: 231007201255 | D4: LIFECO-UK-UL Listed Split Case (GMS 150-25SH) Electric Motor Driven Skid Pump 150 GPM @ 8 Bar Coupled with UL Listed ODP Motor. Suction and Discharge Pressure Gauges, Air Release Valve and Casing Relief Valve are included. | F4: 12851.363 | H4: =F4*3.675 -> 47228.761
A5: LIFECO-UK | C5: 231007201256 | D5: LIFECO-UK-UL Listed Split Case (GMS 150-25SH) Electric Motor Driven Skid Pump 150 GPM @ 9 Bar Coupled with UL Listed ODP Motor. Suction and Discharge Pressure Gauges, Air Release Valve and Casing Relief Valve are included. | F5: 13683.704 | H5: =F5*3.675 -> 50287.612
A6: LIFECO-UK | C6: 231007201257 | D6: LIFECO-UK-UL Listed Split Case (GMS 150-25SH) Electric Motor Driven Skid Pump 150 GPM @ 10 Bar Coupled with UL Listed ODP Motor. Suction and Discharge Pressure Gauges, Air Release Valve and Casing Relief Valve are included. | F6: 13683.704 | H6: =F6*3.675 -> 50287.612
A7: LIFECO-UK | C7: 231007201258 | D7: LIFECO-UK-UL Listed Split Case (GMS 150-25SH) Electric Motor Driven Skid Pump 150 GPM @ 11 Bar Coupled with UL Listed ODP Motor. Suction and Discharge Pressure Gauges, Air Release Valve and Casing Relief Valve are included. | F7: 15491.117 | H7: =F7*3.675 -> 56929.854
A8: LIFECO-UK | C8: 231007201259 | D8: LIFECO-UK-UL Listed Split Case (GMS 150-25SH) Electric Motor Driven Skid Pump 150 GPM @ 12 Bar Coupled with UL Listed ODP Motor. Suction and Discharge Pressure Gauges, Air Release Valve and Casing Relief Valve are included. | F8: 15491.117 | H8: =F8*3.675 -> 56929.854
A9: LIFECO-UK | C9: 231007201260 | D9: LIFECO-UK-UL Listed Split Case (GMS 150-25SH) Electric Motor Driven Skid Pump 150 GPM @ 13 Bar Coupled with UL Listed ODP Motor. Suction and Discharge Pressure Gauges, Air Release Valve and Casing Relief Valve are included. | F9: 15491.117 | H9: =F9*3.675 -> 56929.854
A10: LIFECO-UK | C10: 231007201261 | D10: LIFECO-UK-UL Listed Split Case (GMS 150-25SH) Electric Motor Driven Skid Pump 150 GPM @ 14.34 Bar Coupled with UL Listed ODP Motor. Suction and Discharge Pressure Gauges, Air Release Valve and Casing Relief Valve are included. | F10: 16428.782 | H10: =F10*3.675 -> 60375.774
A11: LIFECO-UK | C11: 231007201262 | D11: LIFECO-UK-UL Listed Split Case (GMS 150-SN31SH) Electric Motor Driven Skid Pump 150 GPM @ 15.58 Bar Coupled with UL Listed ODP Motor. Suction and Discharge Pressure Gauges, Air Release Valve and Casing Relief Valve are included. | F11: 15491.117 | H11: =F11*3.675 -> 56929.854
A12: LIFECO-UK | C12: 231007201263 | D12: LIFECO-UK-UL Listed Split Case (GMS 150-SN31SH) Electric Motor Driven Skid Pump 150 GPM @ 16 Bar Coupled with UL Listed ODP Motor. Suction and Discharge Pressure Gauges, Air Release Valve and Casing Relief Valve are included. | F12: 15491.117 | H12: =F12*3.675 -> 56929.854
A13: LIFECO-UK | C13: 231007201264 | D13: LIFECO-UK-UL Listed Split Case (GMS 150-SN31SH) Electric Motor Driven Skid Pump 150 GPM @ 17 Bar Coupled with UL Listed ODP Motor. Suction and Discharge Pressure Gauges, Air Release Valve and Casing Relief Valve are included. | F13: 16258.494 | H13: =F13*3.675 -> 59749.964
A14: LIFECO-UK | C14: 231007201265 | D14: LIFECO-UK-UL Listed Split Case (GMS 150-SN31SH) Electric Motor Driven Skid Pump 150 GPM @ 18 Bar Coupled with UL Listed ODP Motor. Suction and Discharge Pressure Gauges, Air Release Valve and Casing Relief Valve are included. | F14: 16258.494 | H14: =F14*3.675 -> 59749.964
... A171: LIFECO-UK | C171: 231007201422 | D171: LIFECO-UK-UL Listed Split Case (GMS 3500-61SL6-2G) Electric Motor Driven Skid Pump 3500 GPM @ 10.76 Bar Coupled with UL Listed ODP Motor. Suction and Discharge Pressure Gauges, Air Release Valve and Casing Relief Valve are included. | F171: 81657.372 | H171: =F171*3.675 -> 300090.84

Sheet UL FM Electric Split Case 50Hz
A1: UL/FM Electric Split Case 50Hz
A2: Item of | B2: LIFECO-UK Item Code | C2: Supplier Item Code | D2: Description | F2: LIFECO-UK GP (USD) | H2: LIFECO-UK GP (AED)
A3: LIFECO-UK | C3: 231007200940 | D3: LIFECO-UK-UL/FM Approved Split Case (GMS 150-28SM) Electric Motor Driven Skid Pump 150 GPM @ 6.96 Bar Coupled with UL Listed ODP Motor. Suction and Discharge Pressure Gauges, Air Release Valve and Casing Relief Valve are included. | F3: 11312.019 | H3: =F3*3.675 -> 41571.671
A4: LIFECO-UK | C4: 231007200941 | D4: LIFECO-UK-UL/FM Approved Split Case (GMS 150-28SM) Electric Motor Driven Skid Pump 150 GPM @ 8 Bar Coupled with UL Listed ODP Motor. Suction and Discharge Pressure Gauges, Air Release Valve and Casing Relief Valve are included. | F4: 12082.372 | H4: =F4*3.675 -> 44402.716
A5: LIFECO-UK | C5: 231007200942 | D5: LIFECO-UK-UL/FM Approved Split Case (GMS 150-28SM) Electric Motor Driven Skid Pump 150 GPM @ 9 Bar Coupled with UL Listed ODP Motor. Suction and Discharge Pressure Gauges, Air Release Valve and Casing Relief Valve are included. | F5: 12082.372 | H5: =F5*3.675 -> 44402.716
A6: LIFECO-UK | C6: 231007200943 | D6: LIFECO-UK-UL/FM Approved Split Case (GMS 150-28SM) Electric Motor Driven Skid Pump 150 GPM @ 10 Bar Coupled with UL Listed ODP Motor. Suction and Discharge Pressure Gauges, Air Release Valve and Casing Relief Valve are included. | F6: 13002.698 | H6: =F6*3.675 -> 47784.915
A7: LIFECO-UK | C7: 231007200944 | D7: LIFECO-UK-UL/FM Approved Split Case (GMS 150-28SM) Electric Motor Driven Skid Pump 150 GPM @ 11 Bar Coupled with UL Listed ODP Motor. Suction and Discharge Pressure Gauges, Air Release Valve and Casing Relief Valve are included. | F7: 14000.144 | H7: =F7*3.675 -> 51450.53
A8: LIFECO-UK | C8: 231007200945 | D8: LIFECO-UK-UL/FM Approved Split Case (GMS 150-35SM) Electric Motor Driven Skid Pump 150 GPM @ 12 Bar Coupled with UL Listed ODP Motor. Suction and Discharge Pressure Gauges, Air Release Valve and Casing Relief Valve are included. | F8: 15488.141 | H8: =F8*3.675 -> 56918.918
A9: LIFECO-UK | C9: 231007200946 | D9: LIFECO-UK-UL/FM Approved Split Case (GMS 150-35SM) Electric Motor Driven Skid Pump 150 GPM @ 13 Bar Coupled with UL Listed ODP Motor. Suction and Discharge Pressure Gauges, Air Release Valve and Casing Relief Valve are included. | F9: 16461.218 | H9: =F9*3.675 -> 60494.976
A10: LIFECO-UK | C10: 231007200947 | D10: LIFECO-UK-UL/FM Approved Split Case (GMS 150-35SM) Electric Motor Driven Skid Pump 150 GPM @ 14 Bar Coupled with UL Listed ODP Motor. Suction and Discharge Pressure Gauges, Air Release Valve and Casing Relief Valve are included. | F10: 16745.032 | H10: =F10*3.675 -> 61537.993
A11: LIFECO-UK | C11: 231007200948 | D11: LIFECO-UK-UL/FM Approved Split Case (GMS 150-40SM) Electric Motor Driven Skid Pump 150 GPM @ 15 Bar Coupled with UL Listed ODP Motor. Suction and Discharge Pressure Gauges, Air Release Valve and Casing Relief Valve are included. | F11: 24772.917 | H11: =F11*3.675 -> 91040.469
A12: LIFECO-UK | C12: 231007200949 | D12: LIFECO-UK-UL/FM Approved Split Case (GMS 150-40SM) Electric Motor Driven Skid Pump 150 GPM @ 16 Bar Coupled with UL Listed ODP Motor. Suction and Discharge Pressure Gauges, Air Release Valve and Casing Relief Valve are included. | F12: 24772.917 | H12: =F12*3.675 -> 91040.469
A13: LIFECO-UK | C13: 231007200950 | D13: LIFECO-UK-UL/FM Approved Split Case (GMS 150-40SM) Electric Motor Driven Skid Pump 150 GPM @ 17 Bar Coupled with UL Listed ODP Motor. Suction and Discharge Pressure Gauges, Air Release Valve and Casing Relief Valve are included. | F13: 28584.135 | H13: =F13*3.675 -> 105046.69
A14: LIFECO-UK | C14: 231007200951 | D14: LIFECO-UK-UL/FM Approved Split Case (GMS 150-40SM) Electric Motor Driven Skid Pump 150 GPM @ 18 Bar Coupled with UL Listed ODP Motor. Suction and Discharge Pressure Gauges, Air Release Valve and Casing Relief Valve are included. | F14: 28584.135 | H14: =F14*3.675 -> 105046.69
... A197: LIFECO-UK | C197: 231007201125 | D197: LIFECO-UK-UL/FM Approved Split Case (GMS 3500-61SL5-2G) Electric Motor Driven Skid Pump 3500 GPM @ 10.2 Bar Coupled with UL Listed ODP Motor. Suction and Discharge Pressure Gauges, Air Release Valve and Casing Relief Valve are included. | F197: 82062.821 | H197: =F197*3.675 -> 301580.87

Sheet UL FM Diesel Split Case
A1: UL/FM Diesel Split Case
A2: Item of | B2: LIFECO-UK Item Code | C2: Supplier Item Code | D2: Description | F2: LIFECO-UK GP (USD) | H2: LIFECO-UK GP (AED)
A3: LIFECO-UK | C3: 231007201126 | D3: LIFECO-UK-UL/FM Approved Split Case (GMS 150-28SM) Engine Driven Skid Pump 150 GPM @ 6.96 Bar Coupled with UL/FM Listed Stallion Engine. Suction and Discharge Pressure Gauges and Air Release Valve are included. | F3: 20207.564 | H3: =F3*3.675 -> 74262.798
A4: LIFECO-UK | C4: 231007201127 | D4: LIFECO-UK-UL/FM Approved Split Case (GMS 150-28SM) Engine Driven Skid Pump 150 GPM @ 8 Bar Coupled with UL/FM Listed Stallion Engine. Suction and Discharge Pressure Gauges and Air Release Valve are included. | F4: 21232.189 | H4: =F4*3.675 -> 78028.296
A5: LIFECO-UK | C5: 231007201128 | D5: LIFECO-UK-UL/FM Approved Split Case (GMS 150-28SM) Engine Driven Skid Pump 150 GPM @ 9 Bar Coupled with UL/FM Listed Stallion Engine. Suction and Discharge Pressure Gauges and Air Release Valve are included. | F5: 21307.857 | H5: =F5*3.675 -> 78306.373
A6: LIFECO-UK | C6: 231007201129 | D6: LIFECO-UK-UL/FM Approved Split Case (GMS 150-28SM) Engine Driven Skid Pump 150 GPM @ 10 Bar Coupled with UL/FM Listed Stallion Engine. Suction and Discharge Pressure Gauges and Air Release Valve are included. | F6: 21383.524 | H6: =F6*3.675 -> 78584.451
A7: LIFECO-UK | C7: 231007201130 | D7: LIFECO-UK-UL/FM Approved Split Case (GMS 150-28SM) Engine Driven Skid Pump 150 GPM @ 11 Bar Coupled with FM Listed Stallion Engine. Suction and Discharge Pressure Gauges and Air Release Valve are included. | F7: 21686.193 | H7: =F7*3.675 -> 79696.76
A8: LIFECO-UK | C8: 231007201131 | D8: LIFECO-UK-UL/FM Approved Split Case (GMS 150-35SM) Engine Driven Skid Pump 150 GPM @ 12 Bar Coupled with UL/FM Listed Stallion Engine. Suction and Discharge Pressure Gauges and Air Release Valve are included. | F8: 22896.87 | H8: =F8*3.675 -> 84145.998
A9: LIFECO-UK | C9: 231007201132 | D9: LIFECO-UK-UL/FM Approved Split Case (GMS 150-35SM) Engine Driven Skid Pump 150 GPM @ 13 Bar Coupled with UL/FM Listed Stallion Engine. Suction and Discharge Pressure Gauges and Air Release Valve are included. | F9: 30370.203 | H9: =F9*3.675 -> 111610.5
A10: LIFECO-UK | C10: 231007201133 | D10: LIFECO-UK-UL/FM Approved Split Case (GMS 150-35SM) Engine Driven Skid Pump 150 GPM @ 14 Bar Coupled with UL/FM Listed Stallion Engine. Suction and Discharge Pressure Gauges and Air Release Valve are included. | F10: 30672.872 | H10: =F10*3.675 -> 112722.81
A11: LIFECO-UK | C11: 231007201134 | D11: LIFECO-UK-UL/FM Approved Split Case (GMS 150-40SM) Engine Driven Skid Pump 150 GPM @ 15 Bar Coupled with UL/FM Listed Stallion Engine. Suction and Discharge Pressure Gauges and Air Release Valve are included. | F11: 40788.141 | H11: =F11*3.675 -> 149896.42
A12: LIFECO-UK | C12: 231007201135 | D12: LIFECO-UK-UL/FM Approved Split Case (GMS 150-40SM) Engine Driven Skid Pump 150 GPM @ 16 Bar Coupled with UL/FM Listed Stallion Engine. Suction and Discharge Pressure Gauges and Air Release Valve are included. | F12: 40788.141 | H12: =F12*3.675 -> 149896.42
A13: LIFECO-UK | C13: 231007201136 | D13: LIFECO-UK-UL/FM Approved Split Case (GMS 150-40SM) Engine Driven Skid Pump 150 GPM @ 17 Bar Coupled with UL/FM Listed Stallion Engine. Suction and Discharge Pressure Gauges and Air Release Valve are included. | F13: 40788.141 | H13: =F13*3.675 -> 149896.42
A14: LIFECO-UK | C14: 231007201137 | D14: LIFECO-UK-UL/FM Approved Split Case (GMS 150-40SM) Engine Driven Skid Pump 150 GPM @ 18 Bar Coupled with UL/FM Listed Stallion Engine. Suction and Discharge Pressure Gauges and Air Release Valve are included. | F14: 42166.667 | H14: =F14*3.675 -> 154962.5
... A191: LIFECO-UK | C191: 231004200123 | D191: LIFECO-UK-UL/FM Approved Split Case (GMS 3500-61SL6-2G) Engine Driven Skid Pump 3500 GPM @ 10.76 Bar Coupled with UL/FM Listed Stallion Engine. Suction and Discharge Pressure Gauges and Air Release Valve are included. | F191: 79062.5 | H191: =F191*3.675 -> 290554.69

Sheet UL FM Electric Split Case 60Hz
A1: UL FM Electric Split Case 60Hz
A2: Item of | B2: LIFECO-UK Item Code | C2: Supplier Item Code | D2: Description | F2: LIFECO-UK GP (USD) | H2: LIFECO-UK GP (AED)
A3: LIFECO-UK | C3: 231007201423 | D3: LIFECO-UK-UL/FM Approved Split Case (GMS 150-25SH) Electric Motor Driven Skid Pump 150 GPM @ 7.86 Bar Coupled with UL Listed ODP Motor. Suction and Discharge Pressure Gauges, Air Release Valve and Casing Relief Valve are included. | F3: 13259.967 | H3: =F3*3.675 -> 48730.378
A4: LIFECO-UK | C4: 231007201424 | D4: LIFECO-UK-UL/FM Approved Split Case (GMS 150-25SH) Electric Motor Driven Skid Pump 150 GPM @ 8 Bar Coupled with UL Listed ODP Motor. Suction and Discharge Pressure Gauges, Air Release Valve and Casing Relief Valve are included. | F4: 13259.967 | H4: =F4*3.675 -> 48730.378
A5: LIFECO-UK | C5: 231007201425 | D5: LIFECO-UK-UL/FM Approved Split Case (GMS 150-25SH) Electric Motor Driven Skid Pump 150 GPM @ 9 Bar Coupled with UL Listed ODP Motor. Suction and Discharge Pressure Gauges, Air Release Valve and Casing Relief Valve are included. | F5: 14137.708 | H5: =F5*3.675 -> 51956.076
A6: LIFECO-UK | C6: 231007201426 | D6: LIFECO-UK-UL/FM Approved Split Case (GMS 150-25SH) Electric Motor Driven Skid Pump 150 GPM @ 10 Bar Coupled with UL Listed ODP Motor. Suction and Discharge Pressure Gauges, Air Release Valve and Casing Relief Valve are included. | F6: 14137.708 | H6: =F6*3.675 -> 51956.076
A7: LIFECO-UK | C7: 231007201427 | D7: LIFECO-UK-UL/FM Approved Split Case (GMS 150-25SH) Electric Motor Driven Skid Pump 150 GPM @ 11 Bar Coupled with UL Listed ODP Motor. Suction and Discharge Pressure Gauges, Air Release Valve and Casing Relief Valve are included. | F7: 15929.987 | H7: =F7*3.675 -> 58542.702
A8: LIFECO-UK | C8: 231007201428 | D8: LIFECO-UK-UL/FM Approved Split Case (GMS 150-25SH) Electric Motor Driven Skid Pump 150 GPM @ 12 Bar Coupled with UL Listed ODP Motor. Suction and Discharge Pressure Gauges, Air Release Valve and Casing Relief Valve are included. | F8: 15929.987 | H8: =F8*3.675 -> 58542.702
A9: LIFECO-UK | C9: 231007201429 | D9: LIFECO-UK-UL/FM Approved Split Case (GMS 150-25SH) Electric Motor Driven Skid Pump 150 GPM @ 13 Bar Coupled with UL Listed ODP Motor. Suction and Discharge Pressure Gauges, Air Release Valve and Casing Relief Valve are included. | F9: 15929.987 | H9: =F9*3.675 -> 58542.702
A10: LIFECO-UK | C10: 231007201430 | D10: LIFECO-UK-UL/FM Approved Split Case (GMS 150-25SH) Electric Motor Driven Skid Pump 150 GPM @ 14.34 Bar Coupled with UL Listed ODP Motor. Suction and Discharge Pressure Gauges, Air Release Valve and Casing Relief Valve are included. | F10: 16959.92 | H10: =F10*3.675 -> 62327.706
A11: LIFECO-UK | C11: 231007201431 | D11: LIFECO-UK-UL/FM Approved Split Case (GMS 150-SN31SH) Electric Motor Driven Skid Pump 150 GPM @ 15.58 Bar Coupled with UL Listed ODP Motor. Suction and Discharge Pressure Gauges, Air Release Valve and Casing Relief Valve are included. | F11: 16035.921 | H11: =F11*3.675 -> 58932.011
A12: LIFECO-UK | C12: 231007201432 | D12: LIFECO-UK-UL/FM Approved Split Case (GMS 150-SN31SH) Electric Motor Driven Skid Pump 150 GPM @ 16 Bar Coupled with UL Listed ODP Motor. Suction and Discharge Pressure Gauges, Air Release Valve and Casing Relief Valve are included. | F12: 16035.921 | H12: =F12*3.675 -> 58932.011
A13: LIFECO-UK | C13: 231007201433 | D13: LIFECO-UK-UL/FM Approved Split Case (GMS 150-SN31SH) Electric Motor Driven Skid Pump 150 GPM @ 17 Bar Coupled with UL Listed ODP Motor. Suction and Discharge Pressure Gauges, Air Release Valve and Casing Relief Valve are included. | F13: 16704.487 | H13: =F13*3.675 -> 61388.99
A14: LIFECO-UK | C14: 231007201434 | D14: LIFECO-UK-UL/FM Approved Split Case (GMS 150-SN31SH) Electric Motor Driven Skid Pump 150 GPM @ 18 Bar Coupled with UL Listed ODP Motor. Suction and Discharge Pressure Gauges, Air Release Valve and Casing Relief Valve are included. | F14: 16704.487 | H14: =F14*3.675 -> 61388.99
... A171: LIFECO-UK | C171: 231007201591 | D171: LIFECO-UK-UL/FM Approved Split Case (GMS 3500-61SL6-2G) Electric Motor Driven Skid Pump 3500 GPM @ 10.76 Bar Coupled with UL Listed ODP Motor. Suction and Discharge Pressure Gauges, Air Release Valve and Casing Relief Valve are included. | F171: 82062.821 | H171: =F171*3.675 -> 301580.87

Sheet UL Electric End-Suction 50Hz 
A1: UL Electric End-Suction 50Hz
A2: Item of | B2: LIFECO-UK Item Code | C2: Supplier Item Code | D2: Description | F2: LIFECO-UK GP (USD) | H2: LIFECO-UK GP (AED)
A3: LIFECO-UK | C3: 231007200077 | D3: LIFECO-UK-UL Listed End Suction (GME 50-20 EM) Electric Motor Driven Skid Pump 50 GPM @ 4.69 Bar Coupled with UL Listed ODP Motor. Suction and Discharge Pressure Gauges, and Casing Relief Valve are included. | F3: 3584.1667 | H3: =F3*3.675 -> 13171.812
A4: LIFECO-UK | C4: 231007200078 | D4: LIFECO-UK-UL Listed End Suction (GME 50-20 EM) Electric Motor Driven Skid Pump 50 GPM @ 5 Bar Coupled with UL Listed ODP Motor. Suction and Discharge Pressure Gauges, and Casing Relief Valve are included. | F4: 3584.1667 | H4: =F4*3.675 -> 13171.812
A5: LIFECO-UK | C5: 231007200062 | D5: LIFECO-UK-UL Listed End Suction (GME 50-20 EM) Electric Motor Driven Skid Pump 50 GPM @ 6 Bar Coupled with UL Listed ODP Motor. Suction and Discharge Pressure Gauges, and Casing Relief Valve are included. | F5: 3584.1667 | H5: =F5*3.675 -> 13171.812
A6: LIFECO-UK | C6: 231007200074 | D6: LIFECO-UK-UL Listed End Suction (GME 50-26 EM) Electric Motor Driven Skid Pump 50 GPM @ 7.93 Bar Coupled with UL Listed ODP Motor. Suction and Discharge Pressure Gauges, and Casing Relief Valve are included. | F6: 4095.0321 | H6: =F6*3.675 -> 15049.243
A7: LIFECO-UK | C7: 231007200080 | D7: LIFECO-UK-UL Listed End Suction (GME 50-26 EM) Electric Motor Driven Skid Pump 50 GPM @ 9 Bar Coupled with UL Listed ODP Motor. Suction and Discharge Pressure Gauges, and Casing Relief Valve are included. | F7: 4095.0321 | H7: =F7*3.675 -> 15049.243
A8: LIFECO-UK | C8: 231007200063 | D8: LIFECO-UK-UL Listed End Suction (GME 50-26 EM) Electric Motor Driven Skid Pump 50 GPM @ 9.66 Bar Coupled with UL Listed ODP Motor. Suction and Discharge Pressure Gauges, and Casing Relief Valve are included. | F8: 4095.0321 | H8: =F8*3.675 -> 15049.243
A9: LIFECO-UK | C9: 231007200082 | D9: LIFECO-UK-UL Listed End Suction (GME 100-20 EM-2G) Electric Motor Driven Skid Pump 100 GPM @ 4.96 Bar Coupled with UL Listed ODP Motor. Suction and Discharge Pressure Gauges, and Casing Relief Valve are included. | F9: 4187.4744 | H9: =F9*3.675 -> 15388.968
A10: LIFECO-UK | C10: 231007200083 | D10: LIFECO-UK-UL Listed End Suction (GME 100-20 EM-2G) Electric Motor Driven Skid Pump 100 GPM @ 6 Bar Coupled with UL Listed ODP Motor. Suction and Discharge Pressure Gauges, and Casing Relief Valve are included. | F10: 4187.4744 | H10: =F10*3.675 -> 15388.968
A11: LIFECO-UK | C11: 231007200084 | D11: LIFECO-UK-UL Listed End Suction (GME 100-20 EM-2G) Electric Motor Driven Skid Pump 100 GPM @ 6.34 Bar Coupled with UL Listed ODP Motor. Suction and Discharge Pressure Gauges, and Casing Relief Valve are included. | F11: 4187.4744 | H11: =F11*3.675 -> 15388.968
A12: LIFECO-UK | C12: 231007200085 | D12: LIFECO-UK-UL Listed End Suction (GME 100-26 EM) Electric Motor Driven Skid Pump 100 GPM @ 7.52 Bar Coupled with UL Listed ODP Motor. Suction and Discharge Pressure Gauges, and Casing Relief Valve are included. | F12: 4524.8077 | H12: =F12*3.675 -> 16628.668
A13: LIFECO-UK | C13: 231007200086 | D13: LIFECO-UK-UL Listed End Suction (GME 100-26 EM) Electric Motor Driven Skid Pump 100 GPM @ 8 Bar Coupled with UL Listed ODP Motor. Suction and Discharge Pressure Gauges, and Casing Relief Valve are included. | F13: 4524.8077 | H13: =F13*3.675 -> 16628.668
A14: LIFECO-UK | C14: 231007200087 | D14: LIFECO-UK-UL Listed End Suction (GME 100-26 EM) Electric Motor Driven Skid Pump 100 GPM @ 9 Bar Coupled with UL Listed ODP Motor. Suction and Discharge Pressure Gauges, and Casing Relief Valve are included. | F14: 4864.4508 | H14: =F14*3.675 -> 17876.857
... A95: LIFECO-UK | C95: 231007200169 | D95: LIFECO-UK-UL Listed End Suction (GME 1000-54 EM-2G) Electric Motor Driven Skid Pump 1000 GPM @ 13.79 Bar Coupled with UL Listed ODP Motor. Suction and Discharge Pressure Gauges, and Casing Relief Valve are included. | F95: 19948.077 | H95: =F95*3.675 -> 73309.183

Sheet UL Diesel End-Suction 
A1: UL Diesel End-Suction
A2: Item of | B2: LIFECO-UK Item Code | C2: Supplier Item Code | D2: Description | F2: LIFECO-UK GP (USD) | H2: LIFECO-UK GP (AED)
A3: LIFECO-UK | C3: 231007200170 | D3: LIFECO-UK-UL Listed End Suction (GME 50-20 EM) Engine Driven Skid Pump 50 GPM @ 4.69 Bar Coupled with UL Listed Stallion Engine. Suction and Discharge Pressure Gauges are included. | F3: 11972.901 | H3: =F3*3.675 -> 44000.41
A4: LIFECO-UK | C4: 231007200171 | D4: LIFECO-UK-UL Listed End Suction (GME 50-20 EM) Engine Driven Skid Pump 50 GPM @ 5 Bar Coupled with UL Listed Stallion Engine. Suction and Discharge Pressure Gauges are included. | F4: 11972.901 | H4: =F4*3.675 -> 44000.41
A5: LIFECO-UK | C5: 231003200044 | D5: LIFECO-UK-UL Listed End Suction (GME 50-20 EM) Engine Driven Skid Pump 50 GPM @ 6 Bar Coupled with UL Listed Stallion Engine. Suction and Discharge Pressure Gauges are included. | F5: 11972.901 | H5: =F5*3.675 -> 44000.41
A6: LIFECO-UK | C6: 231003200054 | D6: LIFECO-UK-UL Listed End Suction (GME 50-26 EM) Engine Driven Skid Pump 50 GPM @ 7.93 Bar Coupled with UL Listed Stallion Engine. Suction and Discharge Pressure Gauges are included. | F6: 12016.446 | H6: =F6*3.675 -> 44160.438
A7: LIFECO-UK | C7: 231007200173 | D7: LIFECO-UK-UL Listed End Suction (GME 50-26 EM) Engine Driven Skid Pump 50 GPM @ 9 Bar Coupled with UL Listed Stallion Engine. Suction and Discharge Pressure Gauges are included. | F7: 12016.446 | H7: =F7*3.675 -> 44160.438
A8: LIFECO-UK | C8: 231003200046 | D8: LIFECO-UK-UL Listed End Suction (GME 50-26 EM) Engine Driven Skid Pump 50 GPM @ 9.66 Bar Coupled with UL Listed Stallion Engine. Suction and Discharge Pressure Gauges are included. | F8: 12016.446 | H8: =F8*3.675 -> 44160.438
A9: LIFECO-UK | C9: 231007200175 | D9: LIFECO-UK-UL Listed End Suction (GME 100-20 EM-2G) Engine Driven Skid Pump 100 GPM @ 4.96 Bar Coupled with UL Listed Stallion Engine. Suction and Discharge Pressure Gauges are included. | F9: 12798.476 | H9: =F9*3.675 -> 47034.399
A10: LIFECO-UK | C10: 231007200176 | D10: LIFECO-UK-UL Listed End Suction (GME 100-20 EM-2G) Engine Driven Skid Pump 100 GPM @ 6 Bar Coupled with UL Listed Stallion Engine. Suction and Discharge Pressure Gauges are included. | F10: 12798.476 | H10: =F10*3.675 -> 47034.399
A11: LIFECO-UK | C11: 231007200177 | D11: LIFECO-UK-UL Listed End Suction (GME 100-20 EM-2G) Engine Driven Skid Pump 100 GPM @ 6.34 Bar Coupled with UL Listed Stallion Engine. Suction and Discharge Pressure Gauges are included. | F11: 12798.476 | H11: =F11*3.675 -> 47034.399
A12: LIFECO-UK | C12: 231007200178 | D12: LIFECO-UK-UL Listed End Suction (GME 100-26 EM) Engine Driven Skid Pump 100 GPM @ 7.52 Bar Coupled with UL Listed Stallion Engine. Suction and Discharge Pressure Gauges are included. | F12: 12798.476 | H12: =F12*3.675 -> 47034.399
A13: LIFECO-UK | C13: 231007200179 | D13: LIFECO-UK-UL Listed End Suction (GME 100-26 EM) Engine Driven Skid Pump 100 GPM @ 8 Bar Coupled with UL Listed Stallion Engine. Suction and Discharge Pressure Gauges are included. | F13: 12798.476 | H13: =F13*3.675 -> 47034.399
A14: LIFECO-UK | C14: 231007200180 | D14: LIFECO-UK-UL Listed End Suction (GME 100-26 EM) Engine Driven Skid Pump 100 GPM @ 9 Bar Coupled with UL Listed Stallion Engine. Suction and Discharge Pressure Gauges are included. | F14: 13840.793 | H14: =F14*3.675 -> 50864.915
... A95: LIFECO-UK | C95: 231007200263 | D95: LIFECO-UK-UL Listed End Suction (GME 1000-54 EM-2G) Engine Driven Skid Pump 1000 GPM @ 13.79 Bar Coupled with UL Listed Stallion Engine. Suction and Discharge Pressure Gauges are included. | F95: 33895.513 | H95: =F95*3.675 -> 124566.01

Sheet UL Electric End-Suction 60Hz
A1: UL Electric End-Suction 60Hz
A2: Item of | B2: LIFECO-UK Item Code | C2: Supplier Item Code | D2: Description | F2: LIFECO-UK GP (USD) | H2: LIFECO-UK GP (AED)
A3: LIFECO-UK | C3: 231007200442 | D3: LIFECO-UK-UL Listed End Suction (GME 50-20 EH) Electric Motor Driven Skid Pump 50 GPM @ 6.97 Bar 3500RPM Coupled with UL Listed ODP Motor. Suction and Discharge Pressure Gauges, and Casing Relief Valve are included. | F3: 3932.8526 | H3: =F3*3.675 -> 14453.233
A4: LIFECO-UK | C4: 231007200443 | D4: LIFECO-UK-UL Listed End Suction (GME 50-20 EH) Electric Motor Driven Skid Pump 50 GPM @ 7.03 Bar 3500RPM Coupled with UL Listed ODP Motor. Suction and Discharge Pressure Gauges, and Casing Relief Valve are included. | F4: 3932.8526 | H4: =F4*3.675 -> 14453.233
A5: LIFECO-UK | C5: 231007200444 | D5: LIFECO-UK-UL Listed End Suction (GME 50-20 EH) Electric Motor Driven Skid Pump 50 GPM @ 7.5 Bar 3500RPM Coupled with UL Listed ODP Motor. Suction and Discharge Pressure Gauges, and Casing Relief Valve are included. | F5: 3932.8526 | H5: =F5*3.675 -> 14453.233
A6: LIFECO-UK | C6: 231007200445 | D6: LIFECO-UK-UL Listed End Suction (GME 50-20 EH) Electric Motor Driven Skid Pump 50 GPM @ 8 Bar 3500RPM Coupled with UL Listed ODP Motor. Suction and Discharge Pressure Gauges, and Casing Relief Valve are included. | F6: 3932.8526 | H6: =F6*3.675 -> 14453.233
A7: LIFECO-UK | C7: 231007200446 | D7: LIFECO-UK-UL Listed End Suction (GME 50-20 EH) Electric Motor Driven Skid Pump 50 GPM @ 8.9 Bar 3500RPM Coupled with UL Listed ODP Motor. Suction and Discharge Pressure Gauges, and Casing Relief Valve are included. | F7: 3932.8526 | H7: =F7*3.675 -> 14453.233
A8: LIFECO-UK | C8: 231007200447 | D8: LIFECO-UK-UL Listed End Suction (GME 100-50 EH) Electric Motor Driven Skid Pump 100 GPM @ 7.17 Bar 3500RPM Coupled with UL Listed ODP Motor. Suction and Discharge Pressure Gauges, and Casing Relief Valve are included. | F8: 4187.4744 | H8: =F8*3.675 -> 15388.968
A9: LIFECO-UK | C9: 231007200448 | D9: LIFECO-UK-UL Listed End Suction (GME 100-50 EH) Electric Motor Driven Skid Pump 100 GPM @ 8 Bar 3500RPM Coupled with UL Listed ODP Motor. Suction and Discharge Pressure Gauges, and Casing Relief Valve are included. | F9: 4864.4508 | H9: =F9*3.675 -> 17876.857
A10: LIFECO-UK | C10: 231007200449 | D10: LIFECO-UK-UL Listed End Suction (GME 100-50 EH) Electric Motor Driven Skid Pump 100 GPM @ 8.83 Bar 3500RPM Coupled with UL Listed ODP Motor. Suction and Discharge Pressure Gauges, and Casing Relief Valve are included. | F10: 4864.4508 | H10: =F10*3.675 -> 17876.857
A11: LIFECO-UK | C11: 231007200450 | D11: LIFECO-UK-UL Listed End Suction (GME 100-26 EH) Electric Motor Driven Skid Pump 100 GPM @ 10.97 Bar 3500RPM Coupled with UL Listed ODP Motor. Suction and Discharge Pressure Gauges, and Casing Relief Valve are included. | F11: 6964.3286 | H11: =F11*3.675 -> 25593.908
A12: LIFECO-UK | C12: 231007200451 | D12: LIFECO-UK-UL Listed End Suction (GME 100-26 EH) Electric Motor Driven Skid Pump 100 GPM @ 12 Bar 3500RPM Coupled with UL Listed ODP Motor. Suction and Discharge Pressure Gauges, and Casing Relief Valve are included. | F12: 6964.3286 | H12: =F12*3.675 -> 25593.908
A13: LIFECO-UK | C13: 231007200452 | D13: LIFECO-UK-UL Listed End Suction (GME 100-26 EH) Electric Motor Driven Skid Pump 100 GPM @ 13 Bar 3500RPM Coupled with UL Listed ODP Motor. Suction and Discharge Pressure Gauges, and Casing Relief Valve are included. | F13: 8075.6648 | H13: =F13*3.675 -> 29678.068
A14: LIFECO-UK | C14: 231007200453 | D14: LIFECO-UK-UL Listed End Suction (GME 100-26 EH) Electric Motor Driven Skid Pump 100 GPM @ 13.45 Bar 3500RPM Coupled with UL Listed ODP Motor. Suction and Discharge Pressure Gauges, and Casing Relief Valve are included. | F14: 8075.6648 | H14: =F14*3.675 -> 29678.068
... A76: LIFECO-UK | C76: 231007200515 | D76: LIFECO-UK-UL Listed End Suction (GME 1000-26 EH-2G) Electric Motor Driven Skid Pump 1000 GPM @ 14.34 Bar 3600RPM Coupled with UL Listed ODP Motor. Suction and Discharge Pressure Gauges, and Casing Relief Valve are included. | F76: 20840.064 | H76: =F76*3.675 -> 76587.236

Sheet UL FM Electric End Suction 50Hz
A1: UL/FM Electric End Suction 50Hz
A2: Item of | B2: LIFECO-UK Item Code | C2: Supplier Item Code | D2: Description | F2: LIFECO-UK GP (USD) | H2: LIFECO-UK GP (AED)
A3: LIFECO-UK | C3: 231007200264 | D3: LIFECO-UK-UL/FM Approved End Suction (GME 50-20 EM) Electric Motor Driven Skid Pump 50 GPM @ 4.69 Bar Coupled with UL Listed ODP Motor. Suction and Discharge Pressure Gauges, and Casing Relief Valve are included. | F3: 4026.1058 | H3: =F3*3.675 -> 14795.939
A4: LIFECO-UK | C4: 231007200265 | D4: LIFECO-UK-UL/FM Approved End Suction (GME 50-20 EM) Electric Motor Driven Skid Pump 50 GPM @ 5 Bar Coupled with UL Listed ODP Motor. Suction and Discharge Pressure Gauges, and Casing Relief Valve are included. | F4: 4026.1058 | H4: =F4*3.675 -> 14795.939
A5: LIFECO-UK | C5: 231007200266 | D5: LIFECO-UK-UL/FM Approved End Suction (GME 50-20 EM) Electric Motor Driven Skid Pump 50 GPM @ 6 Bar Coupled with UL Listed ODP Motor. Suction and Discharge Pressure Gauges, and Casing Relief Valve are included. | F5: 4026.1058 | H5: =F5*3.675 -> 14795.939
A6: LIFECO-UK | C6: 231007200267 | D6: LIFECO-UK-UL/FM Approved End Suction (GME 50-26 EM) Electric Motor Driven Skid Pump 50 GPM @ 7.93 Bar Coupled with UL Listed ODP Motor. Suction and Discharge Pressure Gauges, and Casing Relief Valve are included. | F6: 4536.9712 | H6: =F6*3.675 -> 16673.369
A7: LIFECO-UK | C7: 231007200268 | D7: LIFECO-UK-UL/FM Approved End Suction (GME 50-26 EM) Electric Motor Driven Skid Pump 50 GPM @ 9 Bar Coupled with UL Listed ODP Motor. Suction and Discharge Pressure Gauges, and Casing Relief Valve are included. | F7: 4536.9712 | H7: =F7*3.675 -> 16673.369
A8: LIFECO-UK | C8: 231007200269 | D8: LIFECO-UK-UL/FM Approved End Suction (GME 50-26 EM) Electric Motor Driven Skid Pump 50 GPM @ 9.17 Bar Coupled with UL Listed ODP Motor. Suction and Discharge Pressure Gauges, and Casing Relief Valve are included. | F8: 4536.9712 | H8: =F8*3.675 -> 16673.369
A9: LIFECO-UK | C9: 231007200270 | D9: LIFECO-UK-UL/FM Approved End Suction (GME 100-20 EM-2G) Electric Motor Driven Skid Pump 100 GPM @ 4.96 Bar Coupled with UL Listed ODP Motor. Suction and Discharge Pressure Gauges, and Casing Relief Valve are included. | F9: 4596.021 | H9: =F9*3.675 -> 16890.377
A10: LIFECO-UK | C10: 231007200271 | D10: LIFECO-UK-UL/FM Approved End Suction (GME 100-20 EM-2G) Electric Motor Driven Skid Pump 100 GPM @ 6 Bar Coupled with UL Listed ODP Motor. Suction and Discharge Pressure Gauges, and Casing Relief Valve are included. | F10: 4596.021 | H10: =F10*3.675 -> 16890.377
A11: LIFECO-UK | C11: 231007200272 | D11: LIFECO-UK-UL/FM Approved End Suction (GME 100-20 EM-2G) Electric Motor Driven Skid Pump 100 GPM @ 6.34 Bar Coupled with UL Listed ODP Motor. Suction and Discharge Pressure Gauges, and Casing Relief Valve are included. | F11: 4596.021 | H11: =F11*3.675 -> 16890.377
A12: LIFECO-UK | C12: 231007200273 | D12: LIFECO-UK-UL/FM Approved End Suction (GME 150-20 EM-2G) Electric Motor Driven Skid Pump 150 GPM @ 4.89 Bar Coupled with UL Listed ODP Motor. Suction and Discharge Pressure Gauges, and Casing Relief Valve are included. | F12: 4596.021 | H12: =F12*3.675 -> 16890.377
A13: LIFECO-UK | C13: 231007200274 | D13: LIFECO-UK-UL/FM Approved End Suction (GME 150-20 EM-2G) Electric Motor Driven Skid Pump 150 GPM @ 5 Bar Coupled with UL Listed ODP Motor. Suction and Discharge Pressure Gauges, and Casing Relief Valve are included. | F13: 4596.021 | H13: =F13*3.675 -> 16890.377
A14: LIFECO-UK | C14: 231007200275 | D14: LIFECO-UK-UL/FM Approved End Suction (GME 150-20 EM-2G) Electric Motor Driven Skid Pump 150 GPM @ 6 Bar Coupled with UL Listed ODP Motor. Suction and Discharge Pressure Gauges, and Casing Relief Valve are included. | F14: 5272.4867 | H14: =F14*3.675 -> 19376.389
... A87: LIFECO-UK | C87: 231007200352 | D87: LIFECO-UK-UL/FM Approved End Suction (GME 1000-54 EM-2G) Electric Motor Driven Skid Pump 1000 GPM @ 13.79 Bar Coupled with UL Listed ODP Motor. Suction and Discharge Pressure Gauges, and Casing Relief Valve are included. | F87: 20483.269 | H87: =F87*3.675 -> 75276.014

Sheet UL FM Diesel End Suction
A1: UL/FM Diesel End Suction
A2: Item of | B2: LIFECO-UK Item Code | C2: Supplier Item Code | D2: Description | F2: LIFECO-UK GP (USD) | H2: LIFECO-UK GP (AED)
A3: LIFECO-UK | C3: 231007200353 | D3: LIFECO-UK-UL/FM Approved End Suction (GME 50-20 EM) Engine Driven Skid Pump 50 GPM @ 4.69 Bar Coupled with UL/FM Listed Stallion Engine. Suction and Discharge Pressure Gauges are included. | F3: 12235.388 | H3: =F3*3.675 -> 44965.051
A4: LIFECO-UK | C4: 231007200354 | D4: LIFECO-UK-UL/FM Approved End Suction (GME 50-20 EM) Engine Driven Skid Pump 50 GPM @ 5 Bar Coupled with UL/FM Listed Stallion Engine. Suction and Discharge Pressure Gauges are included. | F4: 12235.388 | H4: =F4*3.675 -> 44965.051
A5: LIFECO-UK | C5: 231007200355 | D5: LIFECO-UK-UL/FM Approved End Suction (GME 50-20 EM) Engine Driven Skid Pump 50 GPM @ 6 Bar Coupled with UL/FM Listed Stallion Engine. Suction and Discharge Pressure Gauges are included. | F5: 12235.388 | H5: =F5*3.675 -> 44965.051
A6: LIFECO-UK | C6: 231007200356 | D6: LIFECO-UK-UL/FM Approved End Suction (GME 50-26 EM) Engine Driven Skid Pump 50 GPM @ 7.93 Bar Coupled with UL/FM Listed Stallion Engine. Suction and Discharge Pressure Gauges are included. | F6: 12357.023 | H6: =F6*3.675 -> 45412.059
A7: LIFECO-UK | C7: 231007200357 | D7: LIFECO-UK-UL/FM Approved End Suction (GME 50-26 EM) Engine Driven Skid Pump 50 GPM @ 9 Bar Coupled with UL/FM Listed Stallion Engine. Suction and Discharge Pressure Gauges are included. | F7: 12357.023 | H7: =F7*3.675 -> 45412.059
A8: LIFECO-UK | C8: 231007200358 | D8: LIFECO-UK-UL/FM Approved End Suction (GME 50-26 EM) Engine Driven Skid Pump 50 GPM @ 9.17 Bar Coupled with UL/FM Listed Stallion Engine. Suction and Discharge Pressure Gauges are included. | F8: 12357.023 | H8: =F8*3.675 -> 45412.059
A9: LIFECO-UK | C9: 231007200359 | D9: LIFECO-UK-UL/FM Approved End Suction (GME 100-20 EM-2G) Engine Driven Skid Pump 100 GPM @ 4.96 Bar Coupled with UL/FM Listed Stallion Engine. Suction and Discharge Pressure Gauges are included. | F9: 12995.211 | H9: =F9*3.675 -> 47757.401
A10: LIFECO-UK | C10: 231007200360 | D10: LIFECO-UK-UL/FM Approved End Suction (GME 100-20 EM-2G) Engine Driven Skid Pump 100 GPM @ 6 Bar Coupled with UL/FM Listed Stallion Engine. Suction and Discharge Pressure Gauges are included. | F10: 12995.211 | H10: =F10*3.675 -> 47757.401
A11: LIFECO-UK | C11: 231007200361 | D11: LIFECO-UK-UL/FM Approved End Suction (GME 100-20 EM-2G) Engine Driven Skid Pump 100 GPM @ 6.34 Bar Coupled with UL/FM Listed Stallion Engine. Suction and Discharge Pressure Gauges are included. | F11: 12995.211 | H11: =F11*3.675 -> 47757.401
A12: LIFECO-UK | C12: 231007200362 | D12: LIFECO-UK-UL/FM Approved End Suction (GME 150-20 EM-2G) Engine Driven Skid Pump 150 GPM @ 4.89 Bar Coupled with UL/FM Listed Stallion Engine. Suction and Discharge Pressure Gauges are included. | F12: 12995.211 | H12: =F12*3.675 -> 47757.401
A13: LIFECO-UK | C13: 231007200363 | D13: LIFECO-UK-UL/FM Approved End Suction (GME 150-20 EM-2G) Engine Driven Skid Pump 150 GPM @ 5 Bar Coupled with UL/FM Listed Stallion Engine. Suction and Discharge Pressure Gauges are included. | F13: 12995.211 | H13: =F13*3.675 -> 47757.401
A14: LIFECO-UK | C14: 231007200364 | D14: LIFECO-UK-UL/FM Approved End Suction (GME 150-20 EM-2G) Engine Driven Skid Pump 150 GPM @ 6 Bar Coupled with UL/FM Listed Stallion Engine. Suction and Discharge Pressure Gauges are included. | F14: 14037.907 | H14: =F14*3.675 -> 51589.306
... A87: LIFECO-UK | C87: 231007200441 | D87: LIFECO-UK-UL/FM Approved End Suction (GME 1000-54 EM-2G) Engine Driven Skid Pump 1000 GPM @ 13.79 Bar Coupled with UL/FM Listed Stallion Engine. Suction and Discharge Pressure Gauges are included. | F87: 33976.603 | H87: =F87*3.675 -> 124864.01

Sheet UL FM Electric End Suction 60Hz
A1: UL FM Electric End Suction 60Hz
A2: Item of | B2: LIFECO-UK Item Code | C2: Supplier Item Code | D2: Description | F2: LIFECO-UK GP (USD) | H2: LIFECO-UK GP (AED)
A3: LIFECO-UK | C3: 231007200516 | D3: LIFECO-UK-UL/FM Approved End Suction (GME 50-20 EH) Electric Motor Driven Skid Pump 50 GPM @ 7.03 Bar 3500RPM Coupled with UL Listed ODP Motor. Suction and Discharge Pressure Gauges, and Casing Relief Valve are included. | F3: 4374.7917 | H3: =F3*3.675 -> 16077.359
A4: LIFECO-UK | C4: 231007200517 | D4: LIFECO-UK-UL/FM Approved End Suction (GME 50-20 EH) Electric Motor Driven Skid Pump 50 GPM @ 7.5 Bar 3500RPM Coupled with UL Listed ODP Motor. Suction and Discharge Pressure Gauges, and Casing Relief Valve are included. | F4: 4374.7917 | H4: =F4*3.675 -> 16077.359
A5: LIFECO-UK | C5: 231007200518 | D5: LIFECO-UK-UL/FM Approved End Suction (GME 50-20 EH) Electric Motor Driven Skid Pump 50 GPM @ 8 Bar 3500RPM Coupled with UL Listed ODP Motor. Suction and Discharge Pressure Gauges, and Casing Relief Valve are included. | F5: 4374.7917 | H5: =F5*3.675 -> 16077.359
A6: LIFECO-UK | C6: 231007200519 | D6: LIFECO-UK-UL/FM Approved End Suction (GME 50-20 EH) Electric Motor Driven Skid Pump 50 GPM @ 8.9 Bar 3500RPM Coupled with UL Listed ODP Motor. Suction and Discharge Pressure Gauges, and Casing Relief Valve are included. | F6: 4374.7917 | H6: =F6*3.675 -> 16077.359
A7: LIFECO-UK | C7: 231007200520 | D7: LIFECO-UK-UL/FM Approved End Suction (GME 100-50 EH) Electric Motor Driven Skid Pump 100 GPM @ 7.31 Bar 3500RPM Coupled with UL Listed ODP Motor. Suction and Discharge Pressure Gauges, and Casing Relief Valve are included. | F7: 4597.7885 | H7: =F7*3.675 -> 16896.873
A8: LIFECO-UK | C8: 231007200521 | D8: LIFECO-UK-UL/FM Approved End Suction (GME 100-50 EH) Electric Motor Driven Skid Pump 100 GPM @ 8 Bar 3500RPM Coupled with UL Listed ODP Motor. Suction and Discharge Pressure Gauges, and Casing Relief Valve are included. | F8: 5272.4867 | H8: =F8*3.675 -> 19376.389
A9: LIFECO-UK | C9: 231007200522 | D9: LIFECO-UK-UL/FM Approved End Suction (GME 100-50 EH) Electric Motor Driven Skid Pump 100 GPM @ 8.83 Bar 3500RPM Coupled with UL Listed ODP Motor. Suction and Discharge Pressure Gauges, and Casing Relief Valve are included. | F9: 5272.4867 | H9: =F9*3.675 -> 19376.389
A10: LIFECO-UK | C10: 231007200523 | D10: LIFECO-UK-UL/FM Approved End Suction (GME 150-20 EHA) Electric Motor Driven Skid Pump 150 GPM @ 7.17 Bar 3500RPM Coupled with UL Listed ODP Motor. Suction and Discharge Pressure Gauges, and Casing Relief Valve are included. | F10: 7233.7833 | H10: =F10*3.675 -> 26584.154
A11: LIFECO-UK | C11: 231007200524 | D11: LIFECO-UK-UL/FM Approved End Suction (GME 150-20 EHA) Electric Motor Driven Skid Pump 150 GPM @ 7.5 Bar 3500RPM Coupled with UL Listed ODP Motor. Suction and Discharge Pressure Gauges, and Casing Relief Valve are included. | F11: 7233.7833 | H11: =F11*3.675 -> 26584.154
A12: LIFECO-UK | C12: 231007200525 | D12: LIFECO-UK-UL/FM Approved End Suction (GME 150-20 EHA) Electric Motor Driven Skid Pump 150 GPM @ 8 Bar 3500RPM Coupled with UL Listed ODP Motor. Suction and Discharge Pressure Gauges, and Casing Relief Valve are included. | F12: 7373.0112 | H12: =F12*3.675 -> 27095.816
A13: LIFECO-UK | C13: 231007200526 | D13: LIFECO-UK-UL/FM Approved End Suction (GME 150-20 EHA) Electric Motor Driven Skid Pump 150 GPM @ 8.69 Bar 3500RPM Coupled with UL Listed ODP Motor. Suction and Discharge Pressure Gauges, and Casing Relief Valve are included. | F13: 7373.0112 | H13: =F13*3.675 -> 27095.816
A14: LIFECO-UK | C14: 231007200527 | D14: LIFECO-UK-UL/FM Approved End Suction (GME 200-20 EHA) Electric Motor Driven Skid Pump 200 GPM @ 6.76 Bar 3500RPM Coupled with UL Listed ODP Motor. Suction and Discharge Pressure Gauges, and Casing Relief Valve are included. | F14: 7233.7833 | H14: =F14*3.675 -> 26584.154
... A65: LIFECO-UK | C65: 231007200578 | D65: LIFECO-UK-UL/FM Approved End Suction (GME 1000-26 EH-2G) Electric Motor Driven Skid Pump 1000 GPM @ 14.34 Bar 3600RPM Coupled with UL Listed ODP Motor. Suction and Discharge Pressure Gauges, and Casing Relief Valve are included. | F65: 21367.147 | H65: =F65*3.675 -> 78524.267

Sheet Jockey Pump 50Hz
A1: Jockey Pump 50Hz
A2: Item of | B2: LIFECO-UK Item Code | C2: Supplier Item Code | D2: Description | F2: LIFECO-UK GP (USD) | H2: LIFECO-UK GP (AED)
A3: LIFECO-UK | B3: SF-PMPJOCKEY50HZ01 | C3: 236002200086 | D3: GMax Pump Vertical Multistage Jockey 2HP, 2900 RPM, 380/415V, 50Hz, GMax Model GVR 4-80 with base included. | F3: 1164.5162 | H3: =F3*3.675 -> 4279.5969
A4: LIFECO-UK | B4: SF-PMPJOCKEY50HZ02 | C4: 236003200006 | D4: GMax Pump Vertical Multistage Jockey 3HP, 2900 RPM, 380/415V, 50Hz, GMax Model GVR 4-100 with base included. | F4: 1239.9245 | H4: =F4*3.675 -> 4556.7225
A5: LIFECO-UK | B5: SF-PMPJOCKEY50HZ03 | C5: 236002200065 | D5: GMax Pump Vertical Multistage Jockey 3HP, 2900 RPM, 380/415V, 50Hz, GMax Model GVR 4-120 with base included. | F5: 1278.031 | H5: =F5*3.675 -> 4696.7638
A6: LIFECO-UK | B6: SF-PMPJOCKEY50HZ04 | C6: 232001200005 | D6: GMax Pump Vertical Multistage Jockey 4HP, 2900 RPM, 380/415V, 50Hz, GMax Model GVR 4-140 with base included. | F6: 1423.151 | H6: =F6*3.675 -> 5230.0798 | I6: 6.6 GPM @ 13.4 Bar 8.8 GPM @ 12.4 Bar 13.2 GPM @ 12 Bar 17.6 GPM @ 11 Bar 22 GPM @ 10 Bar 26.4 GPM @ 8.8 Bar 30.8 GPM @ 6.7 Bar 35.2 GPM @ 4.8 Bar
A7: LIFECO-UK | D7: GMax Pump Vertical Multistage Jockey 4HP, 2900 RPM, 380/415V, 50Hz, GMax Model GVR 4-160 with base included. | F7: 1483.6579 | H7: =F7*3.675 -> 5452.4426 | J7: 6.6 GPM @14.9 Bar 8.8 GPM @14.11 Bar 13.2 GPM @13.72 Bar 17.6 GPM @12.64 Bar 22 GPM @11.27 Bar 26.4GPM @9.9 Bar 30.8GPM @7.64 Bar
A8: LIFECO-UK | B8: SF-PMPJOCKEY50HZ06 | C8: 236002200087 | D8: GMax Pump Vertical Multistage Jockey 5.5HP, 2900 RPM, 380/415V, 50Hz, GMax Model GVR 8-100 with base included. | F8: 1971.3499 | H8: =F8*3.675 -> 7244.7108
A9: LIFECO-UK | B9: SF-PMPJOCKEY50HZ07 | C9: 104004200071 | D9: GMax Pump Vertical Multistage Jockey 5.5HP, 2900 RPM, 380/415V, 50Hz, GMax Model GVR 8-120 with base included. | F9: 2124.5192 | H9: =F9*3.675 -> 7807.6082
A10: LIFECO-UK | D10: GMax Pump Vertical Multistage Jockey 7.5HP, 2900 RPM, 380/415V, 50Hz, GMax Model GVR 8-140 with base included. | F10: 2476.935 | H10: =F10*3.675 -> 9102.736 | I10: 22 GPM @ 14.3 Bar 26.4 GPM @ 13.9 Bar 30.8 GPM @ 13.4 Bar 35.2 GPM @ 12.8 Bar 39.6 GPM @ 12 Bar 44 GPM @ 11.1 Bar 48.4 GPM @ 10 Bar 52.8 GPM @ 9.1 Bar | J10: 22GPM @14.21Bar 26.4GPM @13.82Bar 30.8GPM @13.33Bar 35.2GPM @12.74Bar 39.6GPM @11.96Bar 44GPM @11.07Bar 48.4GPM @10Bar 52.8GPM @9.01Bar
A11: LIFECO-UK | B11: SF-PMPJOCKEY50HZ09 | C11: 236002200089 | D11: GMax Pump Vertical Multistage Jockey 7.5HP, 2900 RPM, 380/415V, 50Hz, GMax Model GVR 8-160 with base included. | F11: 2675.9295 | H11: =F11*3.675 -> 9834.0409
A12: LIFECO-UK | D12: GMax Pump Vertical Multistage Jockey 15HP, 2900 RPM, 380/415V, 50Hz, GMax Model GVR 15-120 with base included. | F12: 2689.2869 | H12: =F12*3.675 -> 9883.1293 | I12: 52.8 GPM @ 10.1 Bar | J12: 35.2GPM @15.68Bar 44GPM @15.39Bar 52.8GPM @14.9Bar 61.6GPM @14.31Bar 66GPM @13.92Bar 70.4GPM @13.52Bar 79.2GPM @12.54Bar 88GPM @11.47Bar 96.8GPM @10.39Bar
A13: LIFECO-UK | D13: GMax Pump Vertical Multistage Jockey 15HP, 2900 RPM, 380/415V, 50Hz, GMax Model GVR 15-140 with base included. | F13: 2989.2869 | H13: =F13*3.675 -> 10985.629 | I13: 52.8 GPM @ 10.1 Bar | J13: 35.2GPM @18.33Bar 44GPM @17.8Bar 52.8GPM @17.35Bar 61.6GPM @16.5Bar 66GPM @16.17Bar 70.4GPM @15.68Bar 79.2GPM @14.60Bar 88GPM @13.43Bar 96.8GPM @12.15Bar
A14: LIFECO-UK | B14: SF-PMPJOCKEY50HZ10 | C14: 236002200090 | D14: GMax Pump Vertical Multistage Jockey 10HP, 2900 RPM, 380/415V, 50Hz, GMax Model GVR 16-80 with base included. | F14: 2330.4617 | H14: =F14*3.675 -> 8564.4467 | I14: 52.8 GPM @ 10.1 Bar
A15: LIFECO-UK | B15: SF-PMPJOCKEY50HZ11 | C15: 236002200091 | D15: GMax Pump Vertical Multistage Jockey 15HP, 2900 RPM, 380/415V, 50Hz, GMax Model GVR 16-100 with base included. | F15: 2689.2869 | H15: =F15*3.675 -> 9883.1293
A16: LIFECO-UK | B16: SF-PMPJOCKEY50HZ12 | C16: 236002200048 | D16: GMax Pump Vertical Multistage Jockey 15HP, 2900 RPM, 380/415V, 50Hz, GMax Model GVR 16-120 with base included. | F16: 3076.8207 | H16: =F16*3.675 -> 11307.316 | I16: 35.2 GPM @ 16.3 Bar 44 GPM @ 15.9 Bar 52.8 GPM @ 15.4 Bar 61.6 GPM @ 14.7 Bar 70.4 GPM @ 13.8 Bar 79.2 GPM @ 12.7 Bar 88 GPM @ 11.4 Bar
A17: LIFECO-UK | B17: SF-PMPJOCKEY50HZ13 | C17: 236002200092 | D17: GMax Pump Vertical Multistage Jockey 15HP, 2900 RPM, 380/415V, 50Hz, GMax Model GVR 16-140 with base included. | F17: 3267.514 | H17: =F17*3.675 -> 12008.114
A18: LIFECO-UK | B18: SF-PMPJOCKEY50HZ14 | C18: 236002200093 | D18: GMax Pump Vertical Multistage Jockey 20HP, 2900 RPM, 380/415V, 50Hz, GMax Model GVR 16-160 with base included. | F18: 3706.329 | H18: =F18*3.675 -> 13620.759
A19: LIFECO-UK | B19: SF-PMPJOCKEY50HZ15 | C19: 236002200094 | D19: GMax Pump Vertical Multistage Jockey 15HP, 2900 RPM, 380/415V, 50Hz, GMax Model GVR 20-100 with base included. | F19: 3244.7466 | H19: =F19*3.675 -> 11924.444
A20: LIFECO-UK | B20: SF-PMPJOCKEY50HZ16 | C20: 236002200095 | D20: GMax Pump Vertical Multistage Jockey 20HP, 2900 RPM, 380/415V, 50Hz, GMax Model GVR 20-120 with base included. | F20: 3954.5178 | H20: =F20*3.675 -> 14532.853 | I20: 88 GPM @ 14 Bar 105 GPM @ 12.1 Bar
A21: LIFECO-UK | B21: SF-PMPJOCKEY50HZ17 | C21: 236002200096 | D21: GMax Pump Vertical Multistage Jockey 25HP, 2900 RPM, 380/415V, 50Hz, GMax Model GVR 20-170 with base included. | F21: 4418.6447 | H21: =F21*3.675 -> 16238.519
A22: LIFECO-UK | C22: 236002200109 | D22: GMAX Pump Vertical Multistage Jockey, 2900 RPM, 380/415V, 50HZ With Base Included | F22: 2989.2869 | H22: =F22*3.675 -> 10985.629

Sheet Jockey Pump Selection
A1: 1.5 | B1: =A1*4.4 -> 6.6 | C1: GPM | D1: 152 | E1: @ | F1: =D1/10.2 -> 14.901961 | G1: Bar | J1: =CONCATENATE(B1,C1,E1,F1,G1) -> 6.6 GPM @14.9019607843137 Bar | M1: 6.6 GPM @14.9 Bar
A2: 2 | B2: =A2*4.4 -> 8.8 | C2: GPM | D2: 144 | E2: @ | F2: =D2/10.2 -> 14.117647 | G2: Bar | J2: =CONCATENATE(B2,C2,E2,F2,G2) -> 8.8 GPM @14.1176470588235 Bar | M2: 8.8 GPM @14.11 Bar
A3: 3 | B3: =A3*4.4 -> 13.2 | C3: GPM | D3: 140 | E3: @ | F3: =D3/10.2 -> 13.72549 | G3: Bar | J3: =CONCATENATE(B3,C3,E3,F3,G3) -> 13.2 GPM @13.7254901960784 Bar | M3: 13.2 GPM @13.72 Bar
A4: 4 | B4: =A4*4.4 -> 17.6 | C4: GPM | D4: 129 | E4: @ | F4: =D4/10.2 -> 12.647059 | G4: Bar | J4: =CONCATENATE(B4,C4,E4,F4,G4) -> 17.6 GPM @12.6470588235294 Bar | M4: 17.6 GPM @12.64 Bar
A5: 5 | B5: =A5*4.4 -> 22 | C5: GPM | D5: 115 | E5: @ | F5: =D5/10.2 -> 11.27451 | G5: Bar | J5: =CONCATENATE(B5,C5,E5,F5,G5) -> 22 GPM @11.2745098039216 Bar | M5: 22 GPM @11.27 Bar
A6: 6 | B6: =A6*4.4 -> 26.4 | C6: GPM | D6: 101 | E6: @ | F6: =D6/10.2 -> 9.9019608 | G6: Bar | J6: =CONCATENATE(B6,C6,E6,F6,G6) -> 26.4GPM @9.90196078431373 Bar | M6: 26.4GPM @9.9 Bar
A7: 7 | B7: =A7*4.4 -> 30.8 | C7: GPM | D7: 78 | E7: @ | F7: =D7/10.2 -> 7.6470588 | G7: Bar | J7: =CONCATENATE(B7,C7,E7,F7,G7) -> 30.8GPM @7.64705882352941 Bar | M7: 30.8GPM @7.64 Bar
A8: gvr 4-160
A10: 2.5 | B10: =A10*4.4 -> 11 | C10: GPM | D10: 207 | E10: @ | F10: =D10/10.2 -> 20.294118 | G10: Bar | J10: =CONCATENATE(B10,C10,E10,F10,G10) -> 11 GPM @20.2941176470588 Bar | M10: 11 GPM @20.29 Bar
A11: 3 | B11: =A11*4.4 -> 13.2 | C11: GPM | D11: 201 | E11: @ | F11: =D11/10.2 -> 19.705882 | G11: Bar | J11: =CONCATENATE(B11,C11,E11,F11,G11) -> 13.2 GPM @19.7058823529412 Bar | M11: 13.2 GPM @19.70 Bar
A12: 4 | B12: =A12*4.4 -> 17.6 | C12: GPM | D12: 196 | E12: @ | F12: =D12/10.2 -> 19.215686 | G12: Bar | J12: =CONCATENATE(B12,C12,E12,F12,G12) -> 17.6 GPM @19.2156862745098 Bar | M12: 17.6 GPM @19.21 Bar
A13: 5 | B13: =A13*4.4 -> 22 | C13: GPM | D13: 183 | E13: @ | F13: =D13/10.2 -> 17.941176 | G13: Bar | J13: =CONCATENATE(B13,C13,E13,F13,G13) -> 22 GPM @17.9411764705882 Bar | M13: 22 GPM @17.94 Bar
A14: 6 | B14: =A14*4.4 -> 26.4 | C14: GPM | D14: 165 | E14: @ | F14: =D14/10.2 -> 16.176471 | G14: Bar | J14: =CONCATENATE(B14,C14,E14,F14,G14) -> 26.4 GPM @16.1764705882353 Bar | M14: 26.4 GPM @16.17 Bar
A15: 7 | B15: =A15*4.4 -> 30.8 | C15: GPM | D15: 146 | E15: @ | F15: =D15/10.2 -> 14.313725 | G15: Bar | J15: =CONCATENATE(B15,C15,E15,F15,G15) -> 30.8GPM @14.3137254901961 Bar | M15: 30.8GPM @14.31 Bar
A16: 8 | B16: =A16*4.4 -> 35.2 | C16: GPM | D16: 128 | E16: @ | F16: =D16/10.2 -> 12.54902 | G16: Bar | J16: =CONCATENATE(B16,C16,E16,F16,G16) -> 35.2GPM @12.5490196078431 Bar | M16: 35.2GPM @12.54 Bar
A17: gvs 4-160
A24: 5 | B24: 22 | C24: GPM | D24: 145 | E24: @ | F24: =D24/10.2 -> 14.215686 | G24: Bar | J24: =CONCATENATE(B24,C24,E24,F24,G24) -> 22GPM @14.2156862745098Bar | M24: 22GPM @14.21Bar
A25: 6 | B25: 26.4 | C25: GPM | D25: 141 | E25: @ | F25: =D25/10.2 -> 13.823529 | G25: Bar | J25: =CONCATENATE(B25,C25,E25,F25,G25) -> 26.4GPM @13.8235294117647Bar | M25: 26.4GPM @13.82Bar
A26: 7 | B26: 30.8 | C26: GPM | D26: 136 | E26: @ | F26: =D26/10.2 -> 13.333333 | G26: Bar | J26: =CONCATENATE(B26,C26,E26,F26,G26) -> 30.8GPM @13.3333333333333Bar | M26: 30.8GPM @13.33Bar
A27: 8 | B27: 35.2 | C27: GPM | D27: 130 | E27: @ | F27: =D27/10.2 -> 12.745098 | G27: Bar | J27: =CONCATENATE(B27,C27,E27,F27,G27) -> 35.2GPM @12.7450980392157Bar | M27: 35.2GPM @12.74Bar
A28: 9 | B28: 39.6 | C28: GPM | D28: 122 | E28: @ | F28: =D28/10.2 -> 11.960784 | G28: Bar | J28: =CONCATENATE(B28,C28,E28,F28,G28) -> 39.6GPM @11.9607843137255Bar | M28: 39.6GPM @11.96Bar
A29: 10 | B29: 44 | C29: GPM | D29: 113 | E29: @ | F29: =D29/10.2 -> 11.078431 | G29: Bar | J29: =CONCATENATE(B29,C29,E29,F29,G29) -> 44GPM @11.078431372549Bar | M29: 44GPM @11.07Bar
A30: 11 | B30: 48.4 | C30: GPM | D30: 102 | E30: @ | F30: =D30/10.2 -> 10 | G30: Bar | J30: =CONCATENATE(B30,C30,E30,F30,G30) -> 48.4GPM @10Bar | M30: 48.4GPM @10Bar
A31: 12 | B31: 52.8 | C31: GPM | D31: 92 | E31: @ | F31: =D31/10.2 -> 9.0196078 | G31: Bar | J31: =CONCATENATE(B31,C31,E31,F31,G31) -> 52.8GPM @9.01960784313725Bar | M31: 52.8GPM @9.01Bar
A32: gvr 8-140
A34: 7 | B34: =A34*4.4 -> 30.8 | C34: GPM | D34: 202 | E34: @ | F34: =D34/10.2 -> 19.803922 | G34: Bar | J34: =CONCATENATE(B34,C34,E34,F34,G34) -> 30.8GPM @19.8039215686275Bar | M34: 30.8GPM @19.80 Bar
A35: 8 | B35: =A35*4.4 -> 35.2 | C35: GPM | D35: 195 | E35: @ | F35: =D35/10.2 -> 19.117647 | G35: Bar | J35: =CONCATENATE(B35,C35,E35,F35,G35) -> 35.2GPM @19.1176470588235Bar | M35: 35.2GPM @19.11 Bar
A36: 9 | B36: =A36*4.4 -> 39.6 | C36: GPM | D36: 188 | E36: @ | F36: =D36/10.2 -> 18.431373 | G36: Bar | J36: =CONCATENATE(B36,C36,E36,F36,G36) -> 39.6GPM @18.4313725490196Bar | M36: 39.6GPM @18.43 Bar
A37: 10 | B37: =A37*4.4 -> 44 | C37: GPM | D37: 179 | E37: @ | F37: =D37/10.2 -> 17.54902 | G37: Bar | J37: =CONCATENATE(B37,C37,E37,F37,G37) -> 44GPM @17.5490196078431Bar | M37: 44GPM @17.54 Bar
A38: 11 | B38: =A38*4.4 -> 48.4 | C38: GPM | D38: 174 | E38: @ | F38: =D38/10.2 -> 17.058824 | G38: Bar | J38: =CONCATENATE(B38,C38,E38,F38,G38) -> 48.4GPM @17.0588235294118Bar | M38: 48.4GPM @17.05 Bar
A39: 12 | B39: =A39*4.4 -> 52.8 | C39: GPM | D39: 163 | E39: @ | F39: =D39/10.2 -> 15.980392 | G39: Bar | J39: =CONCATENATE(B39,C39,E39,F39,G39) -> 52.8GPM @15.9803921568627Bar | M39: 52.8GPM @15.98 Bar
A40: 13 | B40: =A40*4.4 -> 57.2 | C40: GPM | D40: 147 | E40: @ | F40: =D40/10.2 -> 14.411765 | G40: Bar | J40: =CONCATENATE(B40,C40,E40,F40,G40) -> 57.2GPM @14.4117647058824Bar | M40: 57.2GPM @14.41 Bar
A41: 14 | B41: =A41*4.4 -> 61.6 | C41: GPM | D41: 135 | E41: @ | F41: =D41/10.2 -> 13.235294 | G41: Bar | J41: =CONCATENATE(B41,C41,E41,F41,G41) -> 61.6GPM @13.2352941176471Bar | M41: 61.6GPM @13.23 Bar
A42: gvs 8-140
A47: 8 | B47: 35.2 | C47: GPM | D47: 160 | E47: @ | F47: =D47/10.2 -> 15.686275 | G47: Bar | J47: =CONCATENATE(B47,C47,E47,F47,G47) -> 35.2GPM @15.6862745098039Bar | M47: 35.2GPM @15.68Bar
A48: 10 | B48: 44 | C48: GPM | D48: 157 | E48: @ | F48: =D48/10.2 -> 15.392157 | G48: Bar | J48: =CONCATENATE(B48,C48,E48,F48,G48) -> 44GPM @15.3921568627451Bar | M48: 44GPM @15.39Bar
A49: 12 | B49: 52.8 | C49: GPM | D49: 152 | E49: @ | F49: =D49/10.2 -> 14.901961 | G49: Bar | J49: =CONCATENATE(B49,C49,E49,F49,G49) -> 52.8GPM @14.9019607843137Bar | M49: 52.8GPM @14.9Bar
A50: 14 | B50: 61.6 | C50: GPM | D50: 146 | E50: @ | F50: =D50/10.2 -> 14.313725 | G50: Bar | J50: =CONCATENATE(B50,C50,E50,F50,G50) -> 61.6GPM @14.3137254901961Bar | M50: 61.6GPM @14.31Bar
A51: 15 | B51: 66 | C51: GPM | D51: 142 | E51: @ | F51: =D51/10.2 -> 13.921569 | G51: Bar | J51: =CONCATENATE(B51,C51,E51,F51,G51) -> 66GPM @13.921568627451Bar | M51: 66GPM @13.92Bar
A52: 16 | B52: 70.4 | C52: GPM | D52: 138 | E52: @ | F52: =D52/10.2 -> 13.529412 | G52: Bar | J52: =CONCATENATE(B52,C52,E52,F52,G52) -> 70.4GPM @13.5294117647059Bar | M52: 70.4GPM @13.52Bar
A53: 18 | B53: 79.2 | C53: GPM | D53: 128 | E53: @ | F53: =D53/10.2 -> 12.54902 | G53: Bar | J53: =CONCATENATE(B53,C53,E53,F53,G53) -> 79.2GPM @12.5490196078431Bar | M53: 79.2GPM @12.54Bar
A54: 20 | B54: 88 | C54: GPM | D54: 117 | E54: @ | F54: =D54/10.2 -> 11.470588 | G54: Bar | J54: =CONCATENATE(B54,C54,E54,F54,G54) -> 88GPM @11.4705882352941Bar | M54: 88GPM @11.47Bar
A55: 22 | B55: 96.8 | C55: GPM | D55: 106 | E55: @ | F55: =D55/10.2 -> 10.392157 | G55: Bar | J55: =CONCATENATE(B55,C55,E55,F55,G55) -> 96.8GPM @10.3921568627451Bar | M55: 96.8GPM @10.39Bar
A56: gvr 15-120
A58: 10 | B58: =A58*4.4 -> 44 | C58: GPM | D58: 232 | E58: @ | F58: =D58/10.2 -> 22.745098 | G58: Bar | J58: =CONCATENATE(B58,C58,E58,F58,G58) -> 44GPM @22.7450980392157Bar | M58: 44GPM @22.74 Bar
A59: 12 | B59: =A59*4.4 -> 52.8 | C59: GPM | D59: 228 | E59: @ | F59: =D59/10.2 -> 22.352941 | G59: Bar | J59: =CONCATENATE(B59,C59,E59,F59,G59) -> 52.8GPM @22.3529411764706Bar | M59: 52.8GPM @22.35 Bar
A60: 14 | B60: =A60*4.4 -> 61.6 | C60: GPM | D60: 223 | E60: @ | F60: =D60/10.2 -> 21.862745 | G60: Bar | J60: =CONCATENATE(B60,C60,E60,F60,G60) -> 61.6GPM @21.8627450980392Bar | M60: 61.6GPM @21.86 Bar
A61: 15 | B61: =A61*4.4 -> 66 | C61: GPM | D61: 219 | E61: @ | F61: =D61/10.2 -> 21.470588 | G61: Bar | J61: =CONCATENATE(B61,C61,E61,F61,G61) -> 66GPM @21.4705882352941Bar | M61: 66GPM @21.47 Bar
A62: 16 | B62: =A62*4.4 -> 70.4 | C62: GPM | D62: 216 | E62: @ | F62: =D62/10.2 -> 21.176471 | G62: Bar | J62: =CONCATENATE(B62,C62,E62,F62,G62) -> 70.4GPM @21.1764705882353Bar | M62: 70.4GPM @21.17 Bar
A63: 18 | B63: =A63*4.4 -> 79.2 | C63: GPM | D63: 207 | E63: @ | F63: =D63/10.2 -> 20.294118 | G63: Bar | J63: =CONCATENATE(B63,C63,E63,F63,G63) -> 79.2GPM @20.2941176470588Bar | M63: 79.2GPM @20.29 Bar
A64: 20 | B64: =A64*4.4 -> 88 | C64: GPM | D64: 197 | E64: @ | F64: =D64/10.2 -> 19.313725 | G64: Bar | J64: =CONCATENATE(B64,C64,E64,F64,G64) -> 88GPM @19.3137254901961Bar | M64: 88GPM @19.31 Bar
A65: 22 | B65: =A65*4.4 -> 96.8 | C65: GPM | D65: 185 | E65: @ | F65: =D65/10.2 -> 18.137255 | G65: Bar | J65: =CONCATENATE(B65,C65,E65,F65,G65) -> 96.8GPM @18.1372549019608Bar | M65: 96.8GPM @18.13 Bar
A66: 24 | B66: =A66*4.4 -> 105.6 | C66: GPM | D66: 172 | E66: @ | F66: =D66/10.2 -> 16.862745 | G66: Bar | J66: =CONCATENATE(B66,C66,E66,F66,G66) -> 105.6GPM @16.8627450980392Bar | M66: 105.6GPM @16.86 Bar
A67: 26 | B67: =A67*4.4 -> 114.4 | C67: GPM | D67: 158 | E67: @ | F67: =D67/10.2 -> 15.490196 | G67: Bar | J67: =CONCATENATE(B67,C67,E67,F67,G67) -> 114.4GPM @15.4901960784314Bar | M67: 114.4GPM @15.49 Bar
A68: gvs 15-120

Sheet Jockey Pump 60Hz
A1: Jockey Pump 60Hz
A2: Item of | B2: LIFECO-UK Item Code | C2: Supplier Item Code | D2: Description | F2: LIFECO-UK GP (USD) | H2: LIFECO-UK GP (AED)
A3: LIFECO-UK | B3: SF-PMPJOCKEY60HZ01 | C3: 236002200066 | D3: GMax Pump Vertical Multistage Jockey 3HP, 3500 RPM, 380V, 60Hz, GMax Model GVS 4-60 with base included. | F3: 1322.8918 | H3: =F3*3.675 -> 4861.6272
A4: LIFECO-UK | B4: SF-PMPJOCKEY60HZ02 | C4: 236002200067 | D4: GMax Pump Vertical Multistage Jockey 4HP, 3500 RPM, 380V, 60Hz, GMax Model GVS 4-70 with base included. | F4: 1351.6453 | H4: =F4*3.675 -> 4967.2966
A5: LIFECO-UK | B5: SF-PMPJOCKEY60HZ03 | C5: 236002200068 | D5: GMax Pump Vertical Multistage Jockey 4HP, 3500 RPM, 380V, 60Hz, GMax Model GVS 4-80 with base included. | F5: 1389.479 | H5: =F5*3.675 -> 5106.3353
A6: LIFECO-UK | B6: SF-PMPJOCKEY60HZ04 | C6: 236002200069 | D6: GMax Pump Vertical Multistage Jockey 5.5HP, 3500 RPM, 380V, 60Hz, GMax Model GVS 4-100 with base included. | F6: 1556.891 | H6: =F6*3.675 -> 5721.5745
A7: LIFECO-UK | B7: SF-PMPJOCKEY60HZ05 | C7: 236002200070 | D7: GMax Pump Vertical Multistage Jockey 5.5HP, 3500 RPM, 380V, 60Hz, GMax Model GVS 4-120 with base included. | F7: 1602.8608 | H7: =F7*3.675 -> 5890.5134
A8: LIFECO-UK | B8: SF-PMPJOCKEY60HZ06 | C8: 236002200071 | D8: GMax Pump Vertical Multistage Jockey 7.5HP, 3500 RPM, 380V, 60Hz, GMax Model GVS 4-140 with base included. | F8: 2043.4295 | H8: =F8*3.675 -> 7509.6034
A9: LIFECO-UK | D9: GMax Pump Vertical Multistage Jockey 7.5HP, 3500 RPM, 380V, 60Hz, GMax Model GVS 4-160 with base included. | F9: 2146.1521 | H9: =F9*3.675 -> 7887.1089 | I9: 11 GPM @20.29 Bar 13.2 GPM @19.70 Bar 17.6 GPM @19.21 Bar 22 GPM @17.94 Bar 26.4 GPM @16.17 Bar 30.8GPM @14.31 Bar 35.2GPM @12.54 Bar
A10: LIFECO-UK | B10: SF-PMPJOCKEY60HZ08 | C10: 236002200073 | D10: GMax Pump Vertical Multistage Jockey 5.5HP, 3500 RPM, 380V, 60Hz, GMax Model GVS 8-60 with base included. | F10: 1722.4151 | H10: =F10*3.675 -> 6329.8757
A11: LIFECO-UK | B11: SF-PMPJOCKEY60HZ09 | C11: 236002200074 | D11: GMax Pump Vertical Multistage Jockey 7.5HP, 3500 RPM, 380V, 60Hz, GMax Model GVS 8-80 with base included. | F11: 2152.9006 | H11: =F11*3.675 -> 7911.9099
A12: LIFECO-UK | B12: SF-PMPJOCKEY60HZ10 | C12: 236002200075 | D12: GMax Pump Vertical Multistage Jockey 10HP, 3500 RPM, 380V, 60Hz, GMax Model GVS 8-100 with base included. | F12: 2468.4119 | H12: =F12*3.675 -> 9071.4137
A13: LIFECO-UK | B13: SF-PMPJOCKEY60HZ11 | C13: 236002200076 | D13: GMax Pump Vertical Multistage Jockey 10HP, 3500 RPM, 380V, 60Hz, GMax Model GVS 8-120 with base included. | F13: 2744.8558 | H13: =F13*3.675 -> 10087.345
A14: LIFECO-UK | D14: GMax Pump Vertical Multistage Jockey 15HP, 3500 RPM, 380V, 60Hz, GMax Model GVS 8-140 with base included. | F14: 3203.0128 | H14: =F14*3.675 -> 11771.072 | I14: 30.8GPM @19.80 Bar 35.2GPM @19.11 Bar 39.6GPM @18.43 Bar 44GPM @17.54 Bar 48.4GPM @17.05 Bar 52.8GPM @15.98 Bar 57.2GPM @14.41 Bar 61.6GPM @13.23 Bar
A15: LIFECO-UK | D15: GMax Pump Vertical Multistage Jockey 25HP, 3500 RPM, 380V, 60Hz, GMax Model GVS 15-120 with base included. | F15: 3137.3938 | H15: =F15*3.675 -> 11529.922 | I15: 44GPM @22.74 Bar 52.8GPM @22.35 Bar 61.6GPM @21.86 Bar 66GPM @21.47 Bar 70.4GPM @21.17 Bar 79.2GPM @20.29 Bar 88GPM @19.31 Bar 96.8GPM @18.13 Bar 105.6GPM @16.86 Bar 114.4GPM @15.49 Bar
A16: LIFECO-UK | B16: SF-PMPJOCKEY60HZ13 | C16: 236002200078 | D16: GMax Pump Vertical Multistage Jockey 7.5HP, 3500 RPM, 380V, 60Hz, GMax Model GVS 16-40 with base included. | F16: 3137.3938 | H16: =F16*3.675 -> 11529.922
A17: LIFECO-UK | B17: SF-PMPJOCKEY60HZ14 | C17: 236002200079 | D17: GMax Pump Vertical Multistage Jockey 10HP, 3500 RPM, 380V, 60Hz, GMax Model GVS 16-50 with base included. | F17: 3470.247 | H17: =F17*3.675 -> 12753.158
A18: LIFECO-UK | B18: SF-PMPJOCKEY60HZ15 | C18: 236002200080 | D18: GMax Pump Vertical Multistage Jockey 15HP, 3500 RPM, 380V, 60Hz, GMax Model GVS 16-60 with base included. | F18: 3576.1813 | H18: =F18*3.675 -> 13142.466
A19: LIFECO-UK | B19: SF-PMPJOCKEY60HZ16 | C19: 236002200081 | D19: GMax Pump Vertical Multistage Jockey 15HP, 3500 RPM, 380V, 60Hz, GMax Model GVS 16-80 with base included. | F19: 3969.6513 | H19: =F19*3.675 -> 14588.468
A20: LIFECO-UK | B20: SF-PMPJOCKEY60HZ17 | C20: 236002200082 | D20: GMax Pump Vertical Multistage Jockey 20HP, 3500 RPM, 380V, 60Hz, GMax Model GVS 16-100 with base included. | F20: 4718.7576 | H20: =F20*3.675 -> 17341.434
A21: LIFECO-UK | B21: SF-PMPJOCKEY60HZ18 | C21: 236002200083 | D21: GMax Pump Vertical Multistage Jockey 20HP, 3500 RPM, 380V, 60Hz, GMax Model GVS 20-70 with base included. | F21: 4015.0516 | H21: =F21*3.675 -> 14755.315
A22: LIFECO-UK | B22: SF-PMPJOCKEY60HZ19 | C22: 236002200084 | D22: GMax Pump Vertical Multistage Jockey 20HP, 3500 RPM, 380V, 60Hz, GMax Model GVS 20-80 with base included. | F22: 4120.9859 | H22: =F22*3.675 -> 15144.623
A23: LIFECO-UK | B23: SF-PMPJOCKEY60HZ20 | C23: 236002200085 | D23: GMax Pump Vertical Multistage Jockey 25HP, 3500 RPM, 380V, 60Hz, GMax Model GVS 20-100 with base included. | F23: 4322.8777 | H23: =F23*3.675 -> 15886.575
A24: LIFECO-UK | C24: 236002200110 | D24: GMAX Pump Vertical Multistage Jockey, 3500 RPM, 380V, 60HZ With Base Included | F24: 3137.3938 | H24: =F24*3.675 -> 11529.922

Sheet Listed Control Panels
A1: Listed Control Panels
A2: Item of | B2: LIFECO-UK Item Code | C2: Supplier Item Code | D2: Description | F2: LIFECO-UK GP (USD) | H2: LIFECO-UK GP (AED)
D3: Electric Fire Pump Control Panel GPA (DOL) and GPY (Star Delta) 50HZ
A4: TORNATECH | C4: 107002200004 | D4: Control Panel with NEMA2 Encl. for Electric Pump DOL Starter Model GPA-10HP-50HZ-380/415V-3PH, Tornatech. UL&FM Approved. | F4: 5491.069 | H4: =F4*3.675 -> 20179.679
A5: TORNATECH | C5: 088001200064 | D5: Control Panel with NEMA2 Encl. for Electric Pump DOL Starter Model GPA-15HP-50HZ-380/415V-3PH, Tornatech. UL&FM Approved. | F5: 5491.069 | H5: =F5*3.675 -> 20179.679
A6: TORNATECH | C6: 088001200036 | D6: Control Panel with NEMA2 Encl. for Electric Pump DOL Starter Model GPA-20HP-50HZ-380/415V-3PH, Tornatech. UL&FM Approved. | F6: 5491.069 | H6: =F6*3.675 -> 20179.679
A7: TORNATECH | C7: 088001200037 | D7: Control Panel with NEMA2 Encl. for Electric Pump DOL Starter Model GPA-25HP-50HZ-380/415V-3PH, Tornatech. UL&FM Approved. | F7: 5491.069 | H7: =F7*3.675 -> 20179.679
A8: TORNATECH | C8: 088001200065 | D8: Control Panel with NEMA2 Encl. for Electric Pump DOL Starter Model GPA-30HP-50HZ-380/415V-3PH, Tornatech. UL&FM Approved. | F8: 5491.069 | H8: =F8*3.675 -> 20179.679
A9: TORNATECH | C9: 088001200066 | D9: Control Panel with NEMA2 Encl. for Electric Pump DOL Starter Model GPA-40HP-50HZ-380/415V-3PH, Tornatech. UL&FM Approved. | F9: 5491.069 | H9: =F9*3.675 -> 20179.679
A10: TORNATECH | C10: 088001200067 | D10: Control Panel with NEMA2 Encl. for Electric Pump DOL Starter Model GPA-50HP-50HZ-380/415V-3PH, Tornatech. UL&FM Approved. | F10: 5491.069 | H10: =F10*3.675 -> 20179.679
A11: TORNATECH | C11: 088001200080 | D11: Control Panel with NEMA2 Encl. for Electric Pump DOL Starter Model GPA-60HP-50HZ-380/415V-3PH, Tornatech. UL&FM Approved. | F11: 6389.8515 | H11: =F11*3.675 -> 23482.704
A12: TORNATECH | C12: 088001200079 | D12: Control Panel with NEMA2 Encl. for Electric Pump DOL Starter Model GPA-75HP-50HZ-380/415V-3PH, Tornatech. UL&FM Approved. | F12: 6389.8515 | H12: =F12*3.675 -> 23482.704
A13: TORNATECH | C13: 088001200068 | D13: Control Panel with NEMA2 Encl. for Electric Pump Star Delta Open Starter Model GPY-100HP-50HZ-380/415V-3PH, Tornatech. UL&FM Approved. | F13: 8878.7877 | H13: =F13*3.675 -> 32629.545
A14: TORNATECH | C14: 088001200070 | D14: Control Panel with NEMA2 Encl. for Electric Pump Star Delta Open Starter Model GPY-125HP-50HZ-380/415V-3PH, Tornatech. UL&FM Approved. | F14: 9812.1387 | H14: =F14*3.675 -> 36059.61
A15: TORNATECH | C15: 088001200038 | D15: Control Panel with NEMA2 Encl. for Electric Pump Star Delta Open Starter Model GPY-150HP-50HZ-380/415V-3PH, Tornatech. UL&FM Approved. | F15: 11868.968 | H15: =F15*3.675 -> 43618.457
... A22: TORNATECH | C22: 193027200005 | D22: Control Panel with NEMA2 Encl. for Electric Pump Star Delta Open Starter Model FD70 500HP-50HZ-380/415V-3PH, EATON. UL&FM Approved. | F22: 35686.195 | H22: =F22*3.675 -> 131146.77
D23: Electric Fire Pump Control Panel GPA (DOL) and GPY (Star Delta) 60HZ
A24: TORNATECH | C24: 193027200006 | D24: Control Panel with NEMA2 Encl. for Electric Pump DOL Starter Model GPA-10HP-60HZ-380V-3PH, Tornatech. UL&FM Approved. | F24: 5491.069 | H24: =F24*3.675 -> 20179.679
A25: TORNATECH | C25: 193027200007 | D25: Control Panel with NEMA2 Encl. for Electric Pump DOL Starter Model GPA-15HP-60HZ-380V-3PH, Tornatech. UL&FM Approved. | F25: 5491.069 | H25: =F25*3.675 -> 20179.679
A26: TORNATECH | C26: 193027200008 | D26: Control Panel with NEMA2 Encl. for Electric Pump DOL Starter Model GPA-20HP-60HZ-380V-3PH, Tornatech. UL&FM Approved. | F26: 5491.069 | H26: =F26*3.675 -> 20179.679
A27: TORNATECH | C27: 193027200009 | D27: Control Panel with NEMA2 Encl. for Electric Pump DOL Starter Model GPA-25HP-60HZ-380V-3PH, Tornatech. UL&FM Approved. | F27: 5491.069 | H27: =F27*3.675 -> 20179.679
A28: TORNATECH | C28: 088001200112 | D28: Control Panel with NEMA2 Encl. for Electric Pump DOL Starter Model GPA-30HP-60HZ-380V-3PH, Tornatech. UL&FM Approved. | F28: 5491.069 | H28: =F28*3.675 -> 20179.679
A29: TORNATECH | C29: 088001200073 | D29: Control Panel with NEMA2 Encl. for Electric Pump DOL Starter Model GPA-40HP-60HZ-380V-3PH, Tornatech. UL&FM Approved. | F29: 5491.069 | H29: =F29*3.675 -> 20179.679
A30: TORNATECH | C30: 107002200003 | D30: Control Panel with NEMA2 Encl. for Electric Pump DOL Starter Model GPA-50HP-60HZ-380V-3PH, Tornatech. UL&FM Approved. | F30: 5491.069 | H30: =F30*3.675 -> 20179.679
A31: TORNATECH | C31: 088001200095 | D31: Control Panel with NEMA2 Encl. for Electric Pump DOL Starter Model GPA-60HP-60HZ-380V-3PH, Tornatech. UL&FM Approved. | F31: 6389.8515 | H31: =F31*3.675 -> 23482.704
A32: TORNATECH | C32: 088001200094 | D32: Control Panel with NEMA2 Encl. for Electric Pump DOL Starter Model GPA-75HP-60HZ-380V-3PH, Tornatech. UL&FM Approved. | F32: 6389.8515 | H32: =F32*3.675 -> 23482.704
A33: TORNATECH | C33: 088001200061 | D33: Control Panel with NEMA2 Encl. for Electric Pump Star Delta Open Starter Model GPY-100HP-60HZ-380V-3PH, Tornatech. UL&FM Approved. | F33: 8878.7877 | H33: =F33*3.675 -> 32629.545
A34: TORNATECH | C34: 088001200020 | D34: Control Panel with NEMA2 Encl. for Electric Pump Star Delta Open Starter Model GPY-125HP-60HZ-380V-3PH, Tornatech. UL&FM Approved. | F34: 9812.1387 | H34: =F34*3.675 -> 36059.61
A35: TORNATECH | C35: 088001200057 | D35: Control Panel with NEMA2 Encl. for Electric Pump Star Delta Open Starter Model GPY-150HP-60HZ-380V-3PH, Tornatech. UL&FM Approved. | F35: 11868.968 | H35: =F35*3.675 -> 43618.457
... A42: TORNATECH | C42: 193027200011 | D42: Control Panel with NEMA2 Encl. for Electric Pump Star Delta Open Starter Model FD70 500HP-60HZ-380V-3PH, EATON. UL&FM Approved. | F42: 35686.195 | H42: =F42*3.675 -> 131146.77
D43: Options for GPA and GPY Panels
A44: TORNATECH | C44: UPGRADE00001 | D44: Upgrade to NEMA 4 assembly 5HP to 60HP for GPA and GPY Models | F44: 1166.6888 | H44: =F44*3.675 -> 4287.5814
A45: TORNATECH | C45: UPGRADE00002 | D45: Upgrade to NEMA 4 assembly 75HP to 300HP for GPA and GPY Models | F45: 1771.6386 | H45: =F45*3.675 -> 6510.7718
A46: TORNATECH | C46: UPGRADE00003 | D46: Upgrade to NEMA 4 assembly 350HP to 400HP for GPA and GPY Models | F46: 3093.8859 | H46: =F46*3.675 -> 11370.031
A47: TORNATECH | C47: UPGRADE00004 | D47: Upgrade to NEMA 4X assembly stainless steel -304 painted 5HP to 60HP for GPA and GPY Models | F47: 5142.073 | H47: =F47*3.675 -> 18897.118
A48: TORNATECH | C48: UPGRADE00117 | D48: Upgrade to NEMA 4X assembly stainless steel -304 painted 75HP to 125HP for GPA and GPY Models | F48: 6697.6581 | H48: =F48*3.675 -> 24613.893
A49: TORNATECH | C49: UPGRADE00005 | D49: Upgrade to NEMA 4X assembly stainless steel -304 painted 150HP to 300HP for GPA and GPY Models | F49: 7475.4506 | H49: =F49*3.675 -> 27472.281
A50: TORNATECH | C50: UPGRADE00006 | D50: Upgrade to NEMA 4X assembly stainless steel -304 painted 350HP to 400HP for GPA and GPY Models | F50: 13084.199 | H50: =F50*3.675 -> 48084.432
A51: TORNATECH | C51: UPGRADE00007 | D51: Upgrade to NEMA 3R assembly 5 to 60HP for GPA and GPY Models | F51: 328.4013 | H51: =F51*3.675 -> 1206.8748
A52: TORNATECH | C52: UPGRADE00008 | D52: Upgrade to NEMA 3R assembly 75 to 300HP for GPA and GPY Models | F52: 665.44474 | H52: =F52*3.675 -> 2445.5094
A53: TORNATECH | C53: UPGRADE00009 | D53: Upgrade to NEMA 3R assembly 350 to 400HP for GPA and GPY Models | F53: 1162.3678 | H53: =F53*3.675 -> 4271.7015
A54: TORNATECH | C54: UPGRADE00010 | D54: Upgrade to NEMA 3 assembly 5 to 60HP for GPA and GPY Models | F54: 518.52837 | H54: =F54*3.675 -> 1905.5917
A55: TORNATECH | C55: UPGRADE00011 | D55: Upgrade to NEMA 3 assembly 75 to 300HP for GPA and GPY Models | F55: 691.37115 | H55: =F55*3.675 -> 2540.789
... A69: TORNATECH | C69: UPGRADE00126 | D69: Upgrade to NEMA 12 assembly 350 to 400HP for GPA and GPY Models | F69: 2151.8927 | H69: =F69*3.675 -> 7908.2057
D70: Diesel Fire Pump Control Panel GPD
A71: TORNATECH | C71: 088001200060 | D71: Control Panel with NEMA2 Encl. for Diesel Pump Model GPD-12-220 Tornatech. UL&FM Approved. | F71: 4916.311 | H71: =F71*3.675 -> 18067.443
A72: TORNATECH | C72: 088001200063 | D72: Control Panel with NEMA2 Encl. for Diesel Pump Model GPD-24-220 Tornatech. UL&FM Approved. | F72: 5012.8646 | H72: =F72*3.675 -> 18422.277
D73: Options for GPD Panels
A74: TORNATECH | C74: UPGRADE00017 | D74: Upgrade to NEMA 3R assembly for GPD Models | F74: 305.75293 | H74: =F74*3.675 -> 1123.642
A75: TORNATECH | C75: UPGRADE00018 | D75: Upgrade to NEMA 4 assembly for GPD Models | F75: 1287.3808 | H75: =F75*3.675 -> 4731.1243
A76: TORNATECH | C76: UPGRADE00019 | D76: Upgrade to NEMA 4X assembly stainless steel-304 painted red for GPD Models | F76: 4385.1407 | H76: =F76*3.675 -> 16115.392
A77: TORNATECH | C77: UPGRADE00020 | D77: Upgrade to NEMA 4X ENCLOSURE 304 SS STAINLESS STEEL BRUSHED FINISH for GPD Models | F77: 4702.9629 | H77: =F77*3.675 -> 17283.389
A78: TORNATECH | C78: UPGRADE00021 | D78: Upgrade to NEMA 4X ENCLOSURE 316 SS STAINLESS STEEL PAINTED RED for GPD Models | F78: PRICE UPON REQUEST | H78: PRICE UPON REQUEST
A79: TORNATECH | C79: UPGRADE00022 | D79: Upgrade to NEMA 4X ENCLOSURE 316 SS STAINLESS STEEL BRUSHED FINISH for GPD Models | F79: PRICE UPON REQUEST | H79: PRICE UPON REQUEST
A80: TORNATECH | C80: UPGRADE00023 | D80: Upgrade to NEMA 3 assembly for GPD Models | F80: 482.76779 | H80: =F80*3.675 -> 1774.1716
A81: TORNATECH | C81: UPGRADE00024 | D81: Upgrade to IP54 assembly for GPD Models | F81: 305.75293 | H81: =F81*3.675 -> 1123.642
A82: TORNATECH | C82: UPGRADE00025 | D82: Upgrade to IP55 assembly for GPD Models | F82: 402.30649 | H82: =F82*3.675 -> 1478.4764
A83: TORNATECH | C83: UPGRADE00026 | D83: Upgrade to IP65 assembly for GPD Models | F83: 563.22909 | H83: =F83*3.675 -> 2069.8669
A84: TORNATECH | C84: UPGRADE00027 | D84: Upgrade to IP66 assembly for GPD Models | F84: 885.07428 | H84: =F84*3.675 -> 3252.648
A85: TORNATECH | C85: UPGRADE00127 | D85: Upgrade to NEMA 12 assembly for GPD Models | F85: 663.80571 | H85: =F85*3.675 -> 2439.486
D86: Jockey Pump Control Panel JP3 50HZ
A87: TORNATECH | C87: 088001200046 | D87: Control Panel with NEMA2 Encl. for Jockey Pump DOL Starter Model JP3-2HP-50HZ-380/415V-3PH, Tornatech. UL Approved. | F87: 1087.8432 | H87: =F87*3.675 -> 3997.8239
A88: TORNATECH | C88: 088001200059 | D88: Control Panel with NEMA2 Encl. for Jockey Pump DOL Starter Model JP3-3HP-50HZ-380/415V-3PH, Tornatech. UL Approved. | F88: 1087.8432 | H88: =F88*3.675 -> 3997.8239
A89: TORNATECH | C89: 088001200092 | D89: Control Panel with NEMA2 Encl. for Jockey Pump DOL Starter Model JP3-4HP-50HZ-380/415V-3PH, Tornatech. UL Approved. | F89: 1087.8432 | H89: =F89*3.675 -> 3997.8239
A90: TORNATECH | C90: 088001200045 | D90: Control Panel with NEMA2 Encl. for Jockey Pump DOL Starter Model JP3-5.5HP-50HZ-380/415V-3PH, Tornatech. UL Approved. | F90: 1087.8432 | H90: =F90*3.675 -> 3997.8239
A91: TORNATECH | C91: 088001200049 | D91: Control Panel with NEMA2 Encl. for Jockey Pump DOL Starter Model JP3-7.5HP-50HZ-380/415V-3PH, Tornatech. UL Approved. | F91: 1087.8432 | H91: =F91*3.675 -> 3997.8239
A92: TORNATECH | C92: 088001200047 | D92: Control Panel with NEMA2 Encl. for Jockey Pump DOL Starter Model JP3-10HP-50HZ-380/415V-3PH, Tornatech. UL Approved. | F92: 1161.7484 | H92: =F92*3.675 -> 4269.4255
A93: TORNATECH | C93: 088001200048 | D93: Control Panel with NEMA2 Encl. for Jockey Pump DOL Starter Model JP3-15HP-50HZ-380/415V-3PH, Tornatech. UL Approved. | F93: 1161.7484 | H93: =F93*3.675 -> 4269.4255
A94: TORNATECH | C94: 088001200104 | D94: Control Panel with NEMA2 Encl. for Jockey Pump DOL Starter Model JP3-20HP-50HZ-380/415V-3PH, Tornatech. UL Approved. | F94: 1161.7484 | H94: =F94*3.675 -> 4269.4255
A95: TORNATECH | C95: 088001200101 | D95: Control Panel with NEMA2 Encl. for Jockey Pump DOL Starter Model JP3-25HP-50HZ-380/415V-3PH, Tornatech. UL Approved. | F95: 1623.6559 | H95: =F95*3.675 -> 5966.9354
A96: TORNATECH | C96: 088001200103 | D96: Control Panel with NEMA2 Encl. for Jockey Pump DOL Starter Model JP3-30HP-50HZ-380/415V-3PH, Tornatech. UL Approved. | F96: 2307.2789 | H96: =F96*3.675 -> 8479.25
A97: TORNATECH | C97: 193047200005 | D97: Control Panel with NEMA2 Encl. for Jockey Pump DOL Starter Model JP3-40HP-50HZ-380/415V-3PH, Tornatech. UL Approved. | F97: 2353.4697 | H97: =F97*3.675 -> 8649.001
A98: TORNATECH | C98: 193061200002 | D98: TORNATECH Control Panel With NEMA2 Encl. For Jockey Pump DOL Starter 380/415V, 50HZ, UL Approved | F98: 1172.325 | H98: =F98*3.675 -> 4308.2944
D99: Jockey Pump Control Panel JP3 60HZ
A100: TORNATECH | C100: 126064200177 | D100: Control Panel with NEMA2 Encl. for Jockey Pump DOL Starter Model JP3-2HP-60HZ-380V-3PH, Tornatech. UL Approved. | F100: 1087.8432 | H100: =F100*3.675 -> 3997.8239
A101: TORNATECH | C101: 193047200004 | D101: Control Panel with NEMA2 Encl. for Jockey Pump DOL Starter Model JP3-3HP-60HZ-380V-3PH, Tornatech. UL Approved. | F101: 1087.8432 | H101: =F101*3.675 -> 3997.8239
A102: TORNATECH | C102: 193049200005 | D102: Control Panel with NEMA2 Encl. for Jockey Pump DOL Starter Model JP3-4HP-60HZ-380V-3PH, Tornatech. UL Approved. | F102: 1087.8432 | H102: =F102*3.675 -> 3997.8239
A103: TORNATECH | C103: 088001200062 | D103: Control Panel with NEMA2 Encl. for Jockey Pump DOL Starter Model JP3-5.5HP-60HZ-380V-3PH, Tornatech. UL Approved. | F103: 1087.8432 | H103: =F103*3.675 -> 3997.8239
A104: TORNATECH | C104: 088001200058 | D104: Control Panel with NEMA2 Encl. for Jockey Pump DOL Starter Model JP3-7.5HP-60HZ-380V-3PH, Tornatech. UL Approved. | F104: 1087.8432 | H104: =F104*3.675 -> 3997.8239
A105: TORNATECH | C105: 088001200082 | D105: Control Panel with NEMA2 Encl. for Jockey Pump DOL Starter Model JP3-10HP-60HZ-380V-3PH, Tornatech. UL Approved. | F105: 1161.7484 | H105: =F105*3.675 -> 4269.4255
A106: TORNATECH | C106: 088001200111 | D106: Control Panel with NEMA2 Encl. for Jockey Pump DOL Starter Model JP3-15HP-60HZ-380V-3PH, Tornatech. UL Approved. | F106: 1161.7484 | H106: =F106*3.675 -> 4269.4255
A107: TORNATECH | C107: 088001200054 | D107: Control Panel with NEMA2 Encl. for Jockey Pump DOL Starter Model JP3-20HP-60HZ-380V-3PH, Tornatech. UL Approved. | F107: 1161.7484 | H107: =F107*3.675 -> 4269.4255
A108: TORNATECH | C108: 017009100016 | D108: Control Panel with NEMA2 Encl. for Jockey Pump DOL Starter Model JP3-25HP-60HZ-380V-3PH, Tornatech. UL Approved. | F108: 1623.6559 | H108: =F108*3.675 -> 5966.9354
A109: TORNATECH | C109: 107003200008 | D109: Control Panel with NEMA2 Encl. for Jockey Pump DOL Starter Model JP3-30HP-60HZ-380V-3PH, Tornatech. UL Approved. | F109: 2307.2789 | H109: =F109*3.675 -> 8479.25
A110: TORNATECH | C110: 088001200081 | D110: Control Panel with NEMA2 Encl. for Jockey Pump DOL Starter Model JP3-40HP-60HZ-380V-3PH, Tornatech. UL Approved. | F110: 2353.4697 | H110: =F110*3.675 -> 8649.001
A111: TORNATECH | C111: 193061200003 | D111: TORNATECH Control Panel With NEMA2 Encl. For Jockey Pump DOL Starter 380V, 60HZ, UL Approved | F111: 1172.325 | H111: =F111*3.675 -> 4308.2944
D112: Options for JP3 Panels
A113: TORNATECH | C113: UPGRADE00028 | D113: Upgrade to NEMA 3R assembly for JP3 Models | F113: 554.28894 | H113: =F113*3.675 -> 2037.0119
A114: TORNATECH | C114: UPGRADE00029 | D114: Upgrade to NEMA 3 assembly for JP3 Models | F114: 812.95712 | H114: =F114*3.675 -> 2987.6174
A115: TORNATECH | C115: UPGRADE00030 | D115: Upgrade to NEMA 4 assembly for JP3 Models | F115: 1164.0068 | H115: =F115*3.675 -> 4277.7249
A116: TORNATECH | C116: UPGRADE00031 | D116: Upgrade to NEMA 4x assembly sst-304 painted for JP3 Models | F116: 1468.8657 | H116: =F116*3.675 -> 5398.0814
A117: TORNATECH | C117: UPGRADE00032 | D117: Upgrade to NEMA 4X 304SST ENCLOSURE BRUSHED FINISH for JP3 Models | F117: 2956.2077 | H117: =F117*3.675 -> 10864.063
A118: TORNATECH | C118: UPGRADE00033 | D118: Upgrade to NEMA 4X 316SST ENCLOSURE PAINTED RED for JP3 Models | F118: 3233.3522 | H118: =F118*3.675 -> 11882.569
A119: TORNATECH | C119: UPGRADE00034 | D119: Upgrade to NEMA 4X 316SST ENCLOSURE BRUSHED FINISH for JP3 Models | F119: PRICE UPON REQUEST | H119: PRICE UPON REQUEST
A120: TORNATECH | C120: UPGRADE00035 | D120: Upgrade to IP54 assembly for JP3 Models | F120: 739.05192 | H120: =F120*3.675 -> 2716.0158
A121: TORNATECH | C121: UPGRADE00036 | D121: Upgrade to IP65 assembly for JP3 Models | F121: 1219.4357 | H121: =F121*3.675 -> 4481.4261
A122: TORNATECH | C122: UPGRADE00037 | D122: Upgrade to IP55 assembly for JP3 Models | F122: 997.7201 | H122: =F122*3.675 -> 3666.6214
A123: TORNATECH | C123: UPGRADE00038 | D123: Upgrade to IP66 assembly for JP3 Models | F123: 1607.4379 | H123: =F123*3.675 -> 5907.3344
A124: TORNATECH | C124: UPGRADE00128 | D124: Upgrade to NEMA 12 assembly for JP3 Models | F124: 1071.6253 | H124: =F124*3.675 -> 3938.2229
D125: Electric Fire Pump Control Panel Soft Starter GPS 50HZ
...

Sheet Diesel Tank and Battery
A1: Diesel Tank and Battery
A2: Item of | B2: Item Code | C2: Item Code | D2: Description | F2: LIFECO-UK GP (USD) | H2: LIFECO-UK GP (AED)
D3: LIFECO-UK Standard Single Wall Cylindrical Diesel Tanks
A4: LIFECO-UK | B4: SF-TANKDIESNONUL01 | C4: 074003200262 | D4: LIFECO-UK Tank Diesel 40 Gallon Capacity Cylindrical Single Wall Factory Standard | F4: 738.97083 | H4: =F4*3.675 -> 2715.7178
A5: LIFECO-UK | B5: SF-TANKDIESNONUL02 | C5: 074003200263 | D5: LIFECO-UK Tank Diesel 90 Gallon Capacity Cylindrical Single Wall Factory Standard | F5: 1070.3846 | H5: =F5*3.675 -> 3933.6635
A6: LIFECO-UK | B6: SF-TANKDIESNONUL03 | C6: 074003200315 | D6: LIFECO-UK Tank Diesel 150 Gallon Capacity Cylindrical Single Wall Factory Standard | F6: 1349.3333 | H6: =F6*3.675 -> 4958.8
A7: LIFECO-UK | B7: SF-TANKDIESNONUL04 | C7: 074003200314 | D7: LIFECO-UK Tank Diesel 210 Gallon Capacity Cylindrical Single Wall Factory Standard | F7: 1459.6154 | H7: =F7*3.675 -> 5364.0865
A8: LIFECO-UK | B8: SF-TANKDIESNONUL05 | C8: 199018200001 | D8: LIFECO-UK Tank Diesel 250 Gallon Capacity Cylindrical Single Wall Factory Standard | F8: 2192.6667 | H8: =F8*3.675 -> 8058.05
A9: LIFECO-UK | B9: SF-TANKDIESNONUL06 | C9: 106002200005 | D9: LIFECO-UK Tank Diesel 310 Gallon Capacity Cylindrical Single Wall Factory Standard | F9: 2424.5833 | H9: =F9*3.675 -> 8910.3437
A10: LIFECO-UK | B10: SF-TANKDIESNONUL07 | C10: 126064200180 | D10: LIFECO-UK Tank Diesel 350 Gallon Capacity Cylindrical Single Wall Factory Standard | F10: 3204.6667 | H10: =F10*3.675 -> 11777.15
A11: LIFECO-UK | B11: SF-TANKDIESNONUL08 | C11: 231007201661 | D11: LIFECO-UK Tank Diesel 400 Gallon Capacity Rectangular Single Wall Factory Standard | F11: 3301.375 | H11: =F11*3.675 -> 12132.553
A12: LIFECO-UK | B12: SF-TANKDIESNONUL09 | C12: 231007201662 | D12: LIFECO-UK Tank Diesel 450 Gallon Capacity Rectangular Single Wall Factory Standard | F12: 3773 | H12: =F12*3.675 -> 13865.775
A13: LIFECO-UK | B13: SF-TANKDIESNONUL10 | C13: 231007201663 | D13: LIFECO-UK Tank Diesel 500 Gallon Capacity Rectangular Single Wall Factory Standard | F13: 4312 | H13: =F13*3.675 -> 15846.6
A14: LIFECO-UK | B14: SF-TANKDIESNONUL11 | C14: 231007201664 | D14: LIFECO-UK Tank Diesel 550 Gallon Capacity Rectangular Single Wall Factory Standard | F14: 4716.25 | H14: =F14*3.675 -> 17332.219
A15: LIFECO-UK | C15: 199010200004 | D15: LIFECO-UK TANK DIESEL 600 GALLON CAPACITY CYLINDRICAL SINGLE WALL TYPE, STANDARD APPROVE | F15: 5390 | H15: =F15*3.675 -> 19808.25
D16: LIFECO-UK UL listed Single Wall Rectangular Diesel Tanks
A17: LIFECO-UK | B17: SF-TANKDIESUL01 | C17: 074003200189 | D17: LIFECO-UK Tank Diesel 40 Gallon Capacity Rectangular Single Wall UL Approved | F17: 1106.875 | H17: =F17*3.675 -> 4067.7656
A18: LIFECO-UK | B18: SF-TANKDIESUL02 | C18: 047005200179 | D18: LIFECO-UK Tank Diesel 90 Gallon Capacity Rectangular Single Wall UL Approved | F18: 1433.6667 | H18: =F18*3.675 -> 5268.725
A19: LIFECO-UK | B19: SF-TANKDIESUL03 | C19: 074003200190 | D19: LIFECO-UK Tank Diesel 150 Gallon Capacity Rectangular Single Wall UL Approved | F19: 1844.7917 | H19: =F19*3.675 -> 6779.6094
A20: LIFECO-UK | B20: SF-TANKDIESUL04 | C20: 074003200191 | D20: LIFECO-UK Tank Diesel 210 Gallon Capacity Rectangular Single Wall UL Approved | F20: 2651.2292 | H20: =F20*3.675 -> 9743.2672
A21: LIFECO-UK | B21: SF-TANKDIESUL05 | C21: 071004200004 | D21: LIFECO-UK Tank Diesel 250 Gallon Capacity Rectangular Single Wall UL Approved | F21: 2877.875 | H21: =F21*3.675 -> 10576.191
A22: LIFECO-UK | B22: SF-TANKDIESUL06 | C22: 071004200005 | D22: LIFECO-UK Tank Diesel 300 Gallon Capacity Rectangular Single Wall UL Approved | F22: 3267.9167 | H22: =F22*3.675 -> 12009.594
A23: LIFECO-UK | B23: SF-TANKDIESUL07 | C23: 126064200181 | D23: LIFECO-UK Tank Diesel 350 Gallon Capacity Rectangular Single Wall UL Approved | F23: 3605.25 | H23: =F23*3.675 -> 13249.294
A24: LIFECO-UK | B24: SF-TANKDIESUL09 | C24: 231007201665 | D24: LIFECO-UK Tank Diesel 400 Gallon Capacity Rectangular Single Wall UL Approved | F24: 3907.75 | H24: =F24*3.675 -> 14360.981
A25: LIFECO-UK | B25: SF-TANKDIESUL10 | C25: 126064200183 | D25: LIFECO-UK Tank Diesel 450 Gallon Capacity Rectangular Single Wall UL Approved | F25: 4312 | H25: =F25*3.675 -> 15846.6
A26: LIFECO-UK | B26: SF-TANKDIESUL08 | C26: 126064200182 | D26: LIFECO-UK Tank Diesel 500 Gallon Capacity Rectangular Single Wall UL Approved | F26: 4743.75 | H26: =F26*3.675 -> 17433.281
A27: LIFECO-UK | B27: SF-TANKDIESUL11 | C27: 231007201666 | D27: LIFECO-UK Tank Diesel 550 Gallon Capacity Rectangular Single Wall UL Approved | F27: 5120.5 | H27: =F27*3.675 -> 18817.837
A28: LIFECO-UK | C28: 197021200001 | D28: LIFECO-UK 600 Gallon Diesel Tank, Cylindrical Single Wall Type, UL Approved | F28: 6468 | H28: =F28*3.675 -> 23769.9
D29: Battery for the Diesel Engine Driven Pump
A30: NA | B30: SF-PMPBAT70AH01 | C30: 234036200005 | D30: FIRE PUMP ACCESSORIES, BATTERY 12V, 70 AH MAINTENANCE FREE, STANDARD APPROVE | F30: 162.17949 | H30: =F30*3.675 -> 596.00962
A31: NA | B31: SF-PMPBAT100AH02 | C31: 234036200002 | D31: FIRE PUMP ACCESSORIES, BATTERY 12V, 100 AH MAINTENANCE FREE, STANDARD APPROVE | F31: 227.05128 | H31: =F31*3.675 -> 834.41346
A32: NA | B32: SF-PMPBAT150AH03 | C32: 234036200001 | D32: FIRE PUMP ACCESSORIES, BATTERY 12V, 150 AH MAINTENANCE FREE, STANDARD APPROVE | F32: 316.25 | H32: =F32*3.675 -> 1162.2187

Sheet TEFC Motor Upgrade Price
A1: TEFC Motor Upgrade Price
A2: Item of | B2: LIFECO-UK Item Code | C2: Supplier Item Code | D2: Description | F2: LIFECO-UK GP (USD) | H2: LIFECO-UK GP (AED)
D3: Motor Upgrade From ODP to TEFC 50Hz
A4: NA | B4: SF-PMPULMOTOR50HZTEFC01 | C4: UPGRADE00075 | D4: Motor Upgrade From UL Listed ODP to UL Listed TEFC 2Pole 15HP 50Hz 380/415V 3 phase | F4: 1330.34 | H4: =F4*3.675 -> 4888.9993
A5: NA | B5: SF-PMPULMOTOR50HZTEFC02 | C5: UPGRADE00076 | D5: Motor Upgrade From UL Listed ODP to UL Listed TEFC 2Pole 20HP 50Hz 380/415V 3 phase | F5: 1177.9588 | H5: =F5*3.675 -> 4328.9985
A6: NA | B6: SF-PMPULMOTOR50HZTEFC03 | C6: UPGRADE00077 | D6: Motor Upgrade From UL Listed ODP to UL Listed TEFC 2Pole 25HP 50Hz 380/415V 3 phase | F6: 1121.8528 | H6: =F6*3.675 -> 4122.8091
A7: NA | B7: SF-PMPULMOTOR50HZTEFC04 | C7: UPGRADE00078 | D7: Motor Upgrade From UL Listed ODP to UL Listed TEFC 2Pole 30HP 50Hz 380/415V 3 phase | F7: 564.75189 | H7: =F7*3.675 -> 2075.4632
A8: NA | B8: SF-PMPULMOTOR50HZTEFC05 | C8: UPGRADE00079 | D8: Motor Upgrade From UL Listed ODP to UL Listed TEFC 2Pole 40HP 50Hz 380/415V 3 phase | F8: 2044.2373 | H8: =F8*3.675 -> 7512.572
A9: NA | B9: SF-PMPULMOTOR50HZTEFC06 | C9: UPGRADE00080 | D9: Motor Upgrade From UL Listed ODP to UL Listed TEFC 2Pole 50HP 50Hz 380/415V 3 phase | F9: 2022.6796 | H9: =F9*3.675 -> 7433.3476
A10: NA | B10: SF-PMPULMOTOR50HZTEFC07 | C10: UPGRADE00081 | D10: Motor Upgrade From UL Listed ODP to UL Listed TEFC 2Pole 60HP 50Hz 380/415V 3 phase | F10: 3283.4873 | H10: =F10*3.675 -> 12066.816
A11: NA | B11: SF-PMPULMOTOR50HZTEFC08 | C11: UPGRADE00082 | D11: Motor Upgrade From UL Listed ODP to UL Listed TEFC 2Pole 75HP 50Hz 380/415V 3 phase | F11: 2453.9414 | H11: =F11*3.675 -> 9018.2348
A12: NA | B12: SF-PMPULMOTOR50HZTEFC09 | C12: UPGRADE00083 | D12: Motor Upgrade From UL Listed ODP to UL Listed TEFC 2Pole 100HP 50Hz 380/415V 3 phase | F12: 4724.6499 | H12: =F12*3.675 -> 17363.088
A13: NA | B13: SF-PMPULMOTOR50HZTEFC10 | C13: UPGRADE00084 | D13: Motor Upgrade From UL Listed ODP to UL Listed TEFC 2Pole 125HP 50Hz 380/415V 3 phase | F13: 8504.91 | H13: =F13*3.675 -> 31255.544
A14: NA | B14: SF-PMPULMOTOR50HZTEFC11 | C14: UPGRADE00085 | D14: Motor Upgrade From UL Listed ODP to UL Listed TEFC 2Pole 150HP 50Hz 380/415V 3 phase | F14: 10351.813 | H14: =F14*3.675 -> 38042.914
A15: NA | B15: SF-PMPULMOTOR50HZTEFC12 | C15: UPGRADE00086 | D15: Motor Upgrade From UL Listed ODP to UL Listed TEFC 2Pole 200HP 50Hz 380/415V 3 phase | F15: 6102.2629 | H15: =F15*3.675 -> 22425.816
... A24: NA | B24: SF-PMPULMOTOR50HZTEFC21 | C24: UPGRADE00095 | D24: Motor Upgrade From UL Listed ODP to UL Listed TEFC 4Pole 500HP 50Hz 380/415V 3 phase | F24: 6829.3613 | H24: =F24*3.675 -> 25097.903
D25: Motor Upgrade From ODP to TEFC 60Hz
A26: NA | B26: SF-PMPULMOTOR60HZTEFC01 | C26: UPGRADE00096 | D26: Motor Upgrade From UL Listed ODP to UL Listed TEFC 2Pole 15HP 60Hz 380V 3 phase | F26: 1330.34 | H26: =F26*3.675 -> 4888.9993
A27: NA | B27: SF-PMPULMOTOR60HZTEFC02 | C27: UPGRADE00097 | D27: Motor Upgrade From UL Listed ODP to UL Listed TEFC 2Pole 20HP 60Hz 380V 3 phase | F27: 1177.9588 | H27: =F27*3.675 -> 4328.9985
A28: NA | B28: SF-PMPULMOTOR60HZTEFC03 | C28: UPGRADE00098 | D28: Motor Upgrade From UL Listed ODP to UL Listed TEFC 2Pole 25HP 60Hz 380V 3 phase | F28: 1121.8528 | H28: =F28*3.675 -> 4122.8091
A29: NA | B29: SF-PMPULMOTOR60HZTEFC04 | C29: UPGRADE00099 | D29: Motor Upgrade From UL Listed ODP to UL Listed TEFC 2Pole 30HP 60Hz 380V 3 phase | F29: 564.75189 | H29: =F29*3.675 -> 2075.4632
A30: NA | B30: SF-PMPULMOTOR60HZTEFC05 | C30: UPGRADE00100 | D30: Motor Upgrade From UL Listed ODP to UL Listed TEFC 2Pole 40HP 60Hz 380V 3 phase | F30: 2044.2373 | H30: =F30*3.675 -> 7512.572
A31: NA | B31: SF-PMPULMOTOR60HZTEFC06 | C31: UPGRADE00101 | D31: Motor Upgrade From UL Listed ODP to UL Listed TEFC 2Pole 50HP 60Hz 380V 3 phase | F31: 2022.6796 | H31: =F31*3.675 -> 7433.3476
A32: NA | B32: SF-PMPULMOTOR60HZTEFC07 | C32: UPGRADE00116 | D32: Motor Upgrade From UL Listed ODP to UL Listed TEFC 2Pole 60HP 60Hz 380V 3 phase | F32: 3283.4873 | H32: =F32*3.675 -> 12066.816
A33: NA | B33: SF-PMPULMOTOR60HZTEFC08 | C33: UPGRADE00102 | D33: Motor Upgrade From UL Listed ODP to UL Listed TEFC 2Pole 75HP 60Hz 380V 3 phase | F33: 2453.9414 | H33: =F33*3.675 -> 9018.2348
A34: NA | B34: SF-PMPULMOTOR60HZTEFC09 | C34: UPGRADE00103 | D34: Motor Upgrade From UL Listed ODP to UL Listed TEFC 2Pole 100HP 60Hz 380V 3 phase | F34: 4724.6499 | H34: =F34*3.675 -> 17363.088
A35: NA | B35: SF-PMPULMOTOR60HZTEFC10 | C35: UPGRADE00104 | D35: Motor Upgrade From UL Listed ODP to UL Listed TEFC 2Pole 125HP 60Hz 380V 3 phase | F35: 8504.91 | H35: =F35*3.675 -> 31255.544
A36: NA | B36: SF-PMPULMOTOR60HZTEFC11 | C36: UPGRADE00105 | D36: Motor Upgrade From UL Listed ODP to UL Listed TEFC 2Pole 150HP 60Hz 380V 3 phase | F36: 10351.813 | H36: =F36*3.675 -> 38042.914
A37: NA | B37: SF-PMPULMOTOR60HZTEFC12 | C37: UPGRADE00106 | D37: Motor Upgrade From UL Listed ODP to UL Listed TEFC 2Pole 200HP 60Hz 380V 3 phase | F37: 6102.2629 | H37: =F37*3.675 -> 22425.816
... A46: NA | B46: SF-PMPULMOTOR60HZTEFC21 | C46: UPGRADE00115 | D46: Motor Upgrade From UL Listed ODP to UL Listed TEFC 4Pole 500HP 60Hz 380V 3 phase | F46: 6829.3613 | H46: =F46*3.675 -> 25097.903

Sheet Misc Trading
A1: Misc. General Trading Item
A2: Item of | B2: LIFECO-UK Item Code | C2: Supplier Item Code | D2: Description | F2: LIFECO-UK GP (USD) | H2: LIFECO-UK GP (AED)
D3: Gate Valves
A4: x | D4: VALVE GATE 1/2" SCREW BRASS TYPE, PN 20 | F4: 18.898458 | H4: =F4*3.675 -> 69.451832
A5: x | C5: 126064200296 | D5: VALVE GATE 1" SCREW BRASS TYPE, PN 20 | F5: 18.898458 | H5: =F5*3.675 -> 69.451832
A6: x | C6: 073002200307 | D6: VALVE GATE 1.25" SCREW BRASS TYPE, PN 20 | F6: 31.780269 | H6: =F6*3.675 -> 116.79249
A7: x | C7: 073002200017 | D7: Valve Gate 1.5" Screw Brass (W/P below 20 Bar) | F7: 47.842949 | H7: =F7*3.675 -> 175.82284
A8: x | C8: 073002200011 | D8: Valve Gate 2" Screw Brass (W/P below 20 Bar) | F8: 50.42297 | H8: =F8*3.675 -> 185.30441
A9: x | C9: 073002200014 | D9: Valve Gate 2.5" Screw Brass (W/P below 20 Bar) | F9: 150.01603 | H9: =F9*3.675 -> 551.30889
D10: Ball Valves
A11: x | C11: 073004200007 | D11: Ball Valve 0.5" Threaded Brass (W/P below 25 Bar) | F11: =H11/3.675 -> 9.5340808 | H11: 35.037747
A12: x | C12: 073004200055 | D12: Ball Valve 3/4" Threaded Brass (W/P below 25 Bar) | F12: =H12/3.675 -> 12.712108 | H12: 46.716996
A13: x | C13: 154003200001 | D13: Ball Valve 1" Threaded Brass (W/P below 25 Bar) | F13: =H13/3.675 -> 15.890135 | H13: 58.396245
A14: x | C14: 073002200006 | D14: Ball Valve 1.25" Threaded Brass (W/P below 25 Bar) | F14: =H14/3.675 -> 23.835202 | H14: 87.594367
A15: x | C15: 073004200045 | D15: Ball Valve 1.5" Threaded Brass (W/P below 25 Bar) | F15: =H15/3.675 -> 31.780269 | H15: 116.79249
A16: x | C16: 126064200069 | D16: Ball Valve 2" Threaded Brass (W/P below 25 Bar) | F16: =H16/3.675 -> 39.733974 | H16: 146.02236
A17: x | C17: 073004200022 | D17: Ball Valve 2.5" Threaded Brass (W/P below 25 Bar) | F17: =H17/3.675 -> 97.307692 | H17: 357.60577
D18: Check Valves
A19: x | C19: 073006200009 | D19: Valve Check Spring Type Threaded 2" Brass | F19: =H19/3.675 -> 40.544872 | H19: 149.0024
A20: x | C20: 106003200005 | D20: Check Valve 1/2" Threaded Type PN20 rated | F20: =H20/3.675 -> 16.217949 | H20: 59.600962
A21: x | C21: 126064200299 | D21: Check Valve 1" Threaded Type PN20 rated | F21: =H21/3.675 -> 40.544872 | H21: 149.0024
A22: x | C22: 106003200006 | D22: Check Valve 1.25" Threaded Type PN20 rated | F22: =H22/3.675 -> 68.926282 | H22: 253.30409
A23: x | C23: 234008200010 | D23: Check Valve 1.5" Threaded Type PN20 rated | F23: =H23/3.675 -> 77.035256 | H23: 283.10457
D24: PRESSURE REDUCING VALVE PILOT OPERATED
A25: LIFECO-UK | D25: Pressure Reducing Valve, Pilot Operated, FM Approved, 2" DI Body, WP 300 PSI, Flange X Flange ANSI16.1 Class 150FF, LIFECO-UK, Model LF-PRC | F25: =H25/3.675 -> 763.66372 | H25: 2806.4642
A26: LIFECO-UK | D26: Pressure Reducing Valve, Pilot Operated, FM Approved, 2.5" DI Body, WP 300 PSI, Flange X Flange ANSI16.1 Class 150FF, LIFECO-UK, Model LF-PRC | F26: =H26/3.675 -> 932.53895 | H26: 3427.0807
A27: LIFECO-UK | D27: Pressure Reducing Valve, Pilot Operated, FM Approved, 3" DI Body, WP 300 PSI, Flange X Flange ANSI16.1 Class 150FF, LIFECO-UK, Model LF-PRC | F27: =H27/3.675 -> 1043.0529 | H27: 3833.2194
A28: LIFECO-UK | D28: Pressure Reducing Valve, Pilot Operated, FM Approved, 4" DI Body, WP 300 PSI, Flange X Flange ANSI16.1 Class 150FF, LIFECO-UK, Model LF-PRC | F28: =H28/3.675 -> 1270.2894 | H28: 4668.3136
A29: LIFECO-UK | D29: Pressure Reducing Valve, Pilot Operated, FM Approved, 5" DI Body, WP 300 PSI, Flange X Flange ANSI16.1 Class 150FF, LIFECO-UK, Model LF-PRC | F29: =H29/3.675 -> 1495.0425 | H29: 5494.2811
A30: LIFECO-UK | D30: Pressure Reducing Valve, Pilot Operated, FM Approved, 6" DI Body, WP 300 PSI, Flange X Flange ANSI16.1 Class 150FF, LIFECO-UK, Model LF-PRC | F30: =H30/3.675 -> 1853.9023 | H30: 6813.0911
A31: LIFECO-UK | D31: Pressure Reducing Valve, Pilot Operated, FM Approved, 8" DI Body, WP 300 PSI, Flange X Flange ANSI16.1 Class 150FF, LIFECO-UK, Model LF-PRC | F31: =H31/3.675 -> 2836.1105 | H31: 10422.706
A32: LIFECO-UK | D32: Pressure Reducing Valve, Pilot Operated, FM Approved, 10" DI Body, WP 300 PSI, Flange X Flange ANSI16.1 Class 150FF, LIFECO-UK, Model LF-PRC | F32: =H32/3.675 -> 5540.5976 | H32: 20361.696
A33: LIFECO-UK | D33: Pressure Reducing Valve, Pilot Operated, 12" DI Body, WP 300 PSI, Flange X Flange ANSI16.1 Class 150FF, LIFECO-UK, Model LF-PRC | F33: =H33/3.675 -> 8133.3291 | H33: 29889.984
A34: LIFECO-UK | D34: LIFECO-UK Pressure Reducing Valve, Pilot Operated, FM Approved, 2" DI Body, WP 300 PSI, Grooved, Model LF-PRC | F34: =H34/3.675 -> 763.66372 | H34: 2806.4642
A35: LIFECO-UK | D35: LIFECO-UK Pressure Reducing Valve, Pilot Operated, FM Approved, 2.5" DI Body, WP 300 PSI, Grooved, Model LF-PRC | F35: =H35/3.675 -> 932.53895 | H35: 3427.0807
A36: LIFECO-UK | D36: LIFECO-UK Pressure Reducing Valve, Pilot Operated, FM Approved, 3" DI Body, WP 300 PSI, Grooved, Model LF-PRC | F36: =H36/3.675 -> 1043.0529 | H36: 3833.2194
... A42: LIFECO-UK | D42: LIFECO-UK Pressure Reducing Valve, Pilot Operated, 12" DI Body, WP 300 PSI, Grooved, Model LF-PRC | F42: =H42/3.675 -> 8133.3291 | H42: 29889.984

Sheet Pump Accessories
A1: PUMP ACCESSORIES
A2: Item of | B2: LIFECO-UK Item Code | C2: Supplier Item Code | D2: Description | F2: LIFECO-UK GP (USD) | H2: LIFECO-UK GP (AED)
D3: FM APPROVED FIRE PUMP FLOW METERS
A4: GERAND | B4: SF-VLVFM014 | C4: 230002200005 | D4: Flow Meter for Fire Pump System, 2'' dia Grooved inlet and outlet, suitable for GPM 50, Model G-50-2, FM Approve | F4: 988.16667 | H4: =F4*3.675 -> 3631.5125
A5: GERAND | B5: SF-VLVFM002 | C5: 074003200346 | D5: Fire Pump Flow Meter Size 2.5" FM Approved for 100 GPM & Below | F5: 942.40385 | H5: =F5*3.675 -> 3463.3341
A6: GERAND | B6: SF-VLVFM003 | C6: 074003200348 | D6: Fire Pump Flow Meter Size 3" FM Approved for 150 GPM to 200 GPM & Below | F6: 1350.9941 | H6: =F6*3.675 -> 4964.9033
A7: GERAND | B7: SF-VLVFM004 | C7: 074003200340 | D7: Fire Pump Flow Meter Size 4" FM Approved for 250 GPM to 450 GPM & Below | F7: 1383.7208 | H7: =F7*3.675 -> 5085.1739
A8: GERAND | B8: SF-VLVFM007 | C8: 074003200341 | D8: Fire Pump Flow Meter Size 6" FM Approved for 500 GPM to 750 GPM & Below | F8: 1441.0569 | H8: =F8*3.675 -> 5295.8842
A9: GERAND | B9: SF-VLVFM008 | C9: 074003200342 | D9: Fire Pump Flow Meter Size 6" FM Approved for 1000 GPM to 1250 GPM & Below | F9: 1441.0569 | H9: =F9*3.675 -> 5295.8842
A10: GERAND | B10: SF-VLVFM012 | C10: 074003200344 | D10: Fire Pump Flow Meter Size 8" FM Approved for 1500 GPM to 2500 GPM & Below | F10: 2156.5183 | H10: =F10*3.675 -> 7925.2046
A11: GERAND | C11: 230002200007 | D11: GERAND Flow Meter 8" Grooved Type, Model G-3000-8, Part No. 7122, FM Approved | F11: 2156.5183 | H11: =F11*3.675 -> 7925.2046
A12: GERAND | C12: 230002200008 | D12: GERAND Flow Meter 10" Grooved Type, Model G-3500-10, Part No. 7127, FM Approved | F12: 2964.5 | H12: =F12*3.675 -> 10894.538
D13: PRESSURE TANKS
A14: x | B14: SF-PMPST400 | C14: 074003200073 | D14: Pressure Tank Vertical 24 liter capacity | F14: =H14/3.675 -> 141.90705 | H14: 521.50841
A15: x | B15: SF-PMPST401 | C15: 074003200086 | D15: Pressure Tank Vertical 60 liter capacity | F15: =H15/3.675 -> 175.96474 | H15: 646.67043
A16: x | B16: SF-PMPST402 | C16: 074003200139 | D16: Pressure Tank Vertical 100 liter capacity | F16: =H16/3.675 -> 429.79031 | H16: 1579.4794
A17: x | B17: SF-PMPST403 | C17: 074003200251 | D17: Pressure Tank Vertical 200 liter capacity | F17: =H17/3.675 -> 1354.1987 | H17: 4976.6803
D18: PRESSURE RELIEF VALVE
A19: LIFECO-UK | D19: Pressure Relief Valve, FM Approved, 2" DI Body, WP 300 PSI, Flange X Flange ANSI16.1 Class 150FF, Suitable For (250 GPM Pump Rating And Below), LIFECO-UK, Model LF-PRF | F19: =H19/3.675 -> 779.80621 | H19: 2865.7878
A20: LIFECO-UK | D20: Pressure Relief Valve, FM Approved, 2.5" DI Body, WP 300 PSI, Flange X Flange ANSI16.1 Class 150FF, Suitable For (300 GPM Pump Rating), LIFECO-UK, Model LF-PRF | F20: =H20/3.675 -> 951.1649 | H20: 3495.531
A21: LIFECO-UK | D21: Pressure Relief Valve, FM Approved, 3" DI Body, WP 300 PSI, Flange X Flange ANSI16.1 Class 150FF, Suitable For (400 GPM to 500 GPM Pump Rating), LIFECO-UK, Model LF-PRF | F21: =H21/3.675 -> 1062.9206 | H21: 3906.2331
A22: LIFECO-UK | D22: Pressure Relief Valve, FM Approved, 4" DI Body, WP 300 PSI, Flange X Flange ANSI16.1 Class 150FF, Suitable For (750 GPM to 1000 GPM Pump Rating), LIFECO-UK, Model LF-PRF | F22: =H22/3.675 -> 1296.3657 | H22: 4764.1441
A23: LIFECO-UK | D23: Pressure Relief Valve, FM Approved, 5" DI Body, WP 300 PSI, Flange X Flange ANSI16.1 Class 150FF, LIFECO-UK, Model LF-PRF | F23: =H23/3.675 -> 1524.844 | H23: 5603.8017
A24: LIFECO-UK | D24: Pressure Relief Valve, FM Approved, 6" DI Body, WP 300 PSI, Flange X Flange ANSI16.1 Class 150FF, Suitable For (1250 GPM to 2500 GPM Pump Rating), LIFECO-UK, Model LF-PRF | F24: =H24/3.675 -> 1889.9125 | H24: 6945.4284
A25: LIFECO-UK | D25: Pressure Relief Valve, FM Approved, 8" DI Body, WP 300 PSI, Flange X Flange ANSI16.1 Class 150FF, Suitable For (3000 GPM to 5000 GPM Pump Rating), LIFECO-UK, Model LF-PRF | F25: =H25/3.675 -> 2893.23 | H25: 10632.62
A26: LIFECO-UK | D26: Pressure Relief Valve, FM Approved, 10" DI Body, WP 300 PSI, Flange X Flange ANSI16.1 Class 150FF, LIFECO-UK, Model LF-PRF | F26: =H26/3.675 -> 5651.1116 | H26: 20767.835
A27: LIFECO-UK | D27: Pressure Relief Valve, FM Approved, 12" DI Body, WP 300 PSI, Flange X Flange ANSI16.1 Class 150FF, LIFECO-UK, Model LF-PRF | F27: =H27/3.675 -> 8295.9957 | H27: 30487.784
A28: LIFECO-UK | D28: Pressure Relief Valve, FM Approved, 2" DI Body, WP 300 PSI, Grooved End AWWA C606, Suitable For (250 GPM Pump Rating And Below), LIFECO-UK, Model LF-PRF | F28: =H28/3.675 -> 828.87619 | H28: 3046.12
A29: LIFECO-UK | D29: Pressure Relief Valve, FM Approved, 2.5" DI Body, WP 300 PSI, Grooved End AWWA C606, Suitable For (300 GPM Pump Rating), LIFECO-UK, Model LF-PRF | F29: =H29/3.675 -> 956.82177 | H29: 3516.32
A30: LIFECO-UK | D30: Pressure Relief Valve, FM Approved, 3" DI Body, WP 300 PSI, Grooved End AWWA C606, Suitable For (400 GPM to 500 GPM Pump Rating), LIFECO-UK, Model LF-PRF | F30: =H30/3.675 -> 1087.5483 | H30: 3996.74
... A36: LIFECO-UK | D36: Pressure Relief Valve, FM Approved, 12" DI Body, WP 300 PSI, Grooved End AWWA C606, LIFECO-UK, Model LF-PRF | F36: =H36/3.675 -> 5693.6762 | H36: 20924.26
D37: Waste Cone
A38: LIFECO-UK | B38: SF-WCFLG001 | C38: 073012200011 | D38: LIFECO-UK Waste Cone, Size 3”x 4” high quality carbon steel, Red Powder Coating, Sight Glass and Flanged ANSI Class 150FF, Model LF-WC | F38: =H38/3.675 -> 681.00577 | H38: 2502.6962
A39: LIFECO-UK | B39: SF-WCFLG002 | C39: 073012200013 | D39: LIFECO-UK Waste Cone, Size 3”x 6” high quality carbon steel, Red Powder Coating, Sight Glass and Flanged ANSI Class 150FF, Model LF-WC | F39: =H39/3.675 -> 718.83942 | H39: 2641.7349
A40: LIFECO-UK | B40: SF-WCFLG003 | C40: 073012200009 | D40: LIFECO-UK Waste Cone, Size 4”x 6” high quality carbon steel, Red Powder Coating, Sight Glass and Flanged ANSI Class 150FF, Model LF-WC | F40: =H40/3.675 -> 892.87423 | H40: 3281.3128
A41: LIFECO-UK | B41: SF-WCFLG004 | C41: 073012200005 | D41: LIFECO-UK Waste Cone, Size 4”x8” high quality carbon steel, Red Powder Coating, Sight Glass and Flanged ANSI Class 150FF, Model LF-WC | F41: =H41/3.675 -> 1059.3423 | H41: 3893.083
A42: LIFECO-UK | B42: SF-WCFLG005 | C42: 073012200003 | D42: LIFECO-UK Waste Cone, Size 6”x8” high quality carbon steel, Red Powder Coating, Sight Glass and Flanged ANSI Class 150FF, Model LF-WC | F42: =H42/3.675 -> 1286.3442 | H42: 4727.315
A43: LIFECO-UK | B43: SF-WCFLG006 | C43: 106066200002 | D43: LIFECO-UK Waste Cone, Size 6”x10” high quality carbon steel, Red Powder Coating, Sight Glass and Flanged ANSI Class 150FF, Model LF-WC | F43: =H43/3.675 -> 1589.0135 | H43: 5839.6245
A44: LIFECO-UK | B44: SF-WCFLG007 | C44: 106066200003 | D44: LIFECO-UK Waste Cone, Size 8”x10” high quality carbon steel, Red Powder Coating, Sight Glass and Flanged ANSI Class 150FF, Model LF-WC | F44: =H44/3.675 -> 1702.5144 | H44: 6256.7405
A45: LIFECO-UK | B45: SF-WCFLG008 | C45: 073012200006 | D45: LIFECO-UK Waste Cone, Size 8”x12” high quality carbon steel, Red Powder Coating, Sight Glass and Flanged ANSI Class 150FF, Model LF-WC | F45: =H45/3.675 -> 1891.6827 | H45: 6951.9339
D46: Terminal Box
A47: LIFECO-UK | B47: SF-PMPST430 | C47: 088002200011 | D47: Terminal Box upto 50HP Fire Pump | F47: 262.76435 | H47: =F47*3.675 -> 965.65897
A48: LIFECO-UK | B48: SF-PMPST431 | C48: 088002200013 | D48: Terminal Box 60-125 HP Fire Pump | F48: 384.0375 | H48: =F48*3.675 -> 1411.3378
A49: LIFECO-UK | B49: SF-PMPST432 | C49: 088002200012 | D49: Terminal Box 150 HP and above Fire Pump | F49: 393.47 | H49: =F49*3.675 -> 1446.0022
D50: Foot Valve
A51: x | D51: CIFVFL-63 (C.I Foot Valve Flanged-PN16 -With Rubber Flap-2 1/2") | F51: =H51/3.675 -> 78.857143 | H51: 289.8
A52: x | D52: CIFVFL-75 (C.I Foot Valve Flanged-PN16 -with Rubber Flap-3") | F52: =H52/3.675 -> 97.912925 | H52: 359.83
A53: x | D53: CIFVFL-100 (C.I Foot Valve Flanged -PN16-with Rubber Flap-4") | F53: =H53/3.675 -> 162.97143 | H53: 598.92
A54: x | D54: CIFVFL-150 (C.I Foot Valve Flanged -PN16-with Rubber Flap-6") | F54: =H54/3.675 -> 228.02721 | H54: 838
A55: x | D55: CIFVFL-200 (C.I Foot Valve Flanged -PN16-with Rubber Flap-8") | F55: =H55/3.675 -> 366.68571 | H55: 1347.57
A56: x | D56: CIFVFL-250 (C.I Foot Valve Flanged -PN16-with Rubber Flap-10") | F56: =H56/3.675 -> 651.88571 | H56: 2395.68
A57: x | D57: CIFVFL-300 (C.I Foot Valve Flanged -PN16-with Rubber Flap-12") | F57: =H57/3.675 -> 852.97143 | H57: 3134.67
D58: Fexible Joint
A59: LIFECO-UK | B59: LF-VLVJFR001 | C59: 073015200009 | D59: Joint Flex Ruber Exp.TYPE 6" Flange | F59: 176.77564 | H59: =F59*3.675 -> 649.65048
A60: LIFECO-UK | B60: LF-VLVJFR002 | C60: 073015200010 | D60: Joint Flex Ruber Exp.TYPE 2" Flange | F60: 44.599359 | H60: =F60*3.675 -> 163.90264
A61: LIFECO-UK | B61: LF-VLVJFR004 | C61: 073015200003 | D61: Joint Flex Ruber Exp.TYPE 2.5" Flange | F61: 57.204485 | H61: =F61*3.675 -> 210.22648
A62: LIFECO-UK | B62: LF-VLVJFR003 | C62: 073016200018 | D62: Joint Flex Ruber Exp. TYPE 8" Flange | F62: 243.26923 | H62: =F62*3.675 -> 894.01442
A63: LIFECO-UK | B63: LF-VLVJFR005 | C63: 073016200013 | D63: Joint Flex Ruber Exp. TYPE 4" Flange | F63: 83.234038 | H63: =F63*3.675 -> 305.88509
A64: LIFECO-UK | B64: LF-VLVJFR006 | C64: 073015200004 | D64: Joint Flex Ruber Exp. TYPE 3" Flange | F64: 68.926282 | H64: =F64*3.675 -> 253.30409
A65: LIFECO-UK | B65: LF-VLVJFR007 | C65: 007006020016 | D65: Joint Flex Rubber Exp. TYPE 10" Flange | F65: 431.30365 | H65: =F65*3.675 -> 1585.0409
D66: UL Listed Diesel Engine Instrumental Panel
A67: LIFECO-UK | B67: SF-PMPST433 | C67: 088001200096 | D67: Black Stallion Diesel Engine Instrumentation Panel 12 VDC | F67: 1617 | H67: =F67*3.675 -> 5942.475
A68: LIFECO-UK | B68: SF-PMPST434 | C68: 088001200097 | D68: Black Stallion Diesel Engine Instrumentation Panel 24 VDC | F68: 1617 | H68: =F68*3.675 -> 5942.475

Sheet LF. VALVE
A1: Breaching Inlet, Air Release, Preesure Release, & Landing Valves
A2: Item of | B2: LIFECO-UK Item Code | C2: Supplier Item Code | D2: Description | F2: LIFECO-UK GP (USD) | H2: LIFECO-UK GP (AED)
D3: Breaching Inlet
A4: SFFECO | C4: 013020200014 | D4: 2-Way Breeching Inlet with Flanged outlet, KM Approved, SFFECO Model SFD-K100-2WBI | F4: 272.36344 | H4: =F4*3.675 -> 1000.9356
A5: SFFECO | C5: 013020200015 | D5: 4-Way Breeching Inlet with Flanged outlet, KM Approved, SFFECO Model SFD-K150-4WBI | F5: 502.82481 | H5: =F5*3.675 -> 1847.8812
A6: LIFECO-UK | B6: SF-VLVSP005 | C6: 013020010002 | D6: Valve, Breeching Inlet, Two Way, 4"X2.5"X2.5", Cast Iron, Red Painted, Flanged Inlet & Instantaneous Outlet, With Plastic Cap and Chain, Non KiteMarked, LIFECO-UK, Model LWR 095 | F6: 208.64744 | H6: =F6*3.675 -> 766.77933
A7: LIFECO-UK | B7: SF-VLVSP006 | C7: 013020200011 | D7: Valve, Breeching Inlet, Four Way, 6"X2.5"X2.5"X2.5"X2.5", Cast Iron, Red Painted, Flanged Inlet & Instantaneous Outlet, With Plastic Cap and Chain, Non Kitemarked, LIFECO-UK, Model LWR 115 | F7: 359.12179 | H7: =F7*3.675 -> 1319.7726
D8: LIFECO-UK NON KM Valve Landing Type
A9: LIFECO-UK | B9: SF-VLVSP011 | C9: 013019010011 | D9: Valve Landing Oblique Type 2.5" Size, Brass, Red Painted. Threaded Inlet and Instantaneous Coupling Outlet, with Hand Wheel, Plastic Cap and Chain, Standard approval, LIFECO-UK,Model LDR 097 | F9: 107.8 | H9: =F9*3.675 -> 396.165
